"ID",Status,Supplier,LogP_exp,pH of analysis,smiles
ZINC00036522,Validated,Specs,4.17,5,Cc1cc2c(cc1C)NC(=O)C[C@H]2c3ccccc3OC
ZINC00185379,Validated,ChemBridge,2.79,5,COc1ccc2c(c1)O[C@@](CC2=O)(C(F)(F)F)O
ZINC12402487,Validated,ChemBridge,1.6,"6,5",CC1(O[C@H]([C@H](O1)C(=O)N)C(=O)N)C(C)(C)C
ZINC00055459,Validated,Specs,3.96,"10,5",CCOc1cc(cc(c1OCC)OCC)c2nnc(o2)c3ccco3
ZINC00056871,Validated,Enamine,5.3,"7,3",CN(C)c1ccc(cc1)C(=C)c2ccc(cc2)N(C)C
ZINC00058341,Validated,ChemBridge,3.53,"10,5",Cc1ccc(o1)[C@H](C#CC(c2ccccc2)(c3ccccc3)O)O
ZINC00062144,Validated,IBScreen (Edchem),4.35,"10,5",CC(C)(C)c1cc(n[nH]1)Cc2ccccc2
ZINC00069488,Validated,Maybridge (Chemie Brunschwig),6.21,5,C[C@H]1C[C@@H](CC(C1)(C)C)NC(=S)NCc2csc3c2cccc3
ZINC00072787,Validated,ChemBridge,3.14,"10,5",CCNc1nc(nc(n1)Oc2ccc(nn2)OCC)NC(C)C
ZINC00074829,Validated,Enamine,1.81,5,c1ccc2c(c1)OCCOCCOCCO2
ZINC00077710,Validated,Specs,2.34,"10,5",c1ccc2c(c1)c3c(c(=O)o2)[C@H](C(=C(O3)N)C#N)c4cccs4
ZINC00081411,Validated,Maybridge (Chemie Brunschwig),2.98,10,CCOC(=O)CC1=Nn2c(nnc2SC1)c3cccs3
ZINC00082336,Validated,Maybridge (Chemie Brunschwig),4.5,5,c1ccc2c(c1)CC[C@@H](O2)C(=O)Nc3ccc(cc3)C(F)(F)F
ZINC00089307,Validated,Maybridge (Chemie Brunschwig),3.33,5,CC(C)(C)C(=O)CSc1nc(cc(n1)OC(=O)N(C)C)COC
ZINC00094399,Validated,Chemical Block,4.12,"9,2",Cc1cc(ccc1[N+](=O)[O-])C(=O)NCCc2c([nH]c3c2cccc3)C
ZINC01061315,Validated,ChemBridge,3.96,5,c1cc(c(c(c1)Cl)[C@@H]2CC(=O)Nc3c2cc4c(c3)OCCO4)F
ZINC00096234,Validated,Maybridge (Chemie Brunschwig),3.69,5,CSc1c(c(cs1)c2cccs2)C#N
ZINC00139023,Validated,ChemBridge,"4.00",5,c1ccc(c(c1)C(F)(F)F)NC(=O)NC2CCCCC2
ZINC00105203,Validated,IBScreen (Edchem),3.24,"6,5",CCn1c2c(nc1NC[C@H](c3ccccc3)O)n(c(=O)n(c2=O)C)C
ZINC00106685,Validated,Maybridge (Chemie Brunschwig),1.14,"10,5",Cc1c(nc2c(n1)c(nnc2N)N)C
ZINC00110879,Validated,Chemical Block,5.38,"6,5",c1ccc(cc1)N(c2ccccc2)c3nc(nc(n3)N4CCCC4)C#N
ZINC00113902,Validated,Maybridge (Chemie Brunschwig),2.68,5,c1cc2c(cc1c3csc(n3)CC#N)OCCCO2
ZINC00115984,Validated,ChemBridge,1.49,5,CC1(O[C@@H]([C@H](O1)C(=O)N(C)C)C(=O)N(C)C)C
ZINC14720659,Validated,Aldrich,2.49,5,COC(=O)[C@H]1[C@H](OC(O1)c2ccccc2)C(=O)OC
ZINC00121503,Validated,ChemBridge,5.05,"10,5",CCN(CC)c1ccc(c(c1)OC)C=C2C(=O)c3ccccc3C2=O
ZINC00125686,Validated,Maybridge (Chemie Brunschwig),4.28,"6,5",CC(C)(C)S(=O)(=O)/C(=C/Nc1ccc(cc1)OC(F)(F)F)/C#N
ZINC00127640,Validated,Chemical Block,3.3,5,CCC[C@@H]1C(=O)C[C@@H](C(C1(C#N)C#N)(C#N)C#N)C(C)C
ZINC00132954,Validated,Maybridge (Chemie Brunschwig),4.41,5,Cc1c(cccc1OCc2ccccc2)[N+](=O)[O-]
ZINC00136299,Validated,Maybridge (Chemie Brunschwig),2.73,5,CC12CCCC(C1)(CCC2)C(=O)N
ZINC00137750,Validated,Maybridge (Chemie Brunschwig),4.14,"6,5",Cc1c(c(c(c(c1C)C)CSc2nnc(n2C)CC#N)C)C
ZINC00141449,Validated,Chemical Block,2.46,5,CCOc1nc(nc(n1)N2CCOCC2)C#N
ZINC00143627,Validated,Vitas‐M,5.48,5,Cc1cc(c(c(c1)C)[C@H]2[C@@H]3CCCC=C3C(=C(C2(C#N)C#N)N)C#N)C
ZINC00149819,Validated,Maybridge (Chemie Brunschwig),0.51,2,C[S@@](=N/C=C(/C#N)\S(=O)(=O)C)(=O)c1ccsc1
ZINC00155649,Validated,Aldrich,2.61,5,c1cc(ccc1C(=O)C2CC2)F
ZINC00161457,Validated,Specs,3.68,10,C[C@]1(OC[C@H](O1)Cn2cncn2)c3ccc(cc3Cl)Cl
ZINC00161621,Validated,Maybridge (Chemie Brunschwig),1.56,10,c1c2c(nc3c1sc(n3)N)nc(s2)N
ZINC00162659,Validated,Maybridge (Chemie Brunschwig),2.46,5,C[C@@]1(CC[C@H](C1(C)C)C(=O)N2CCOCC2)C(=O)N3CCOCC3
ZINC00076749,Validated,Enamine,3.65,"7,3",Cc1nc(cs1)c2ccc(cc2)Cl
ZINC00170706,Validated,Maybridge (Chemie Brunschwig),4.69,"10,5",CN(C)/C=C/C(=O)c1ccc(cc1)C#Cc2ccccc2
ZINC00171218,Validated,Maybridge (Chemie Brunschwig),2.82,5,CCCn1c(=O)c(cn(c1=O)c2ccccc2C)Br
ZINC00190551,Validated,IBScreen (Edchem),3.9,"10,5",Cc1cc2c(cc1OCC(=O)OC)occ(c2=O)c3csc(n3)C
ZINC18324649,Validated,Vitas‐M,3.92,10,Cc1ccc2c(nc(nc2c1)Nc3[nH]c(=O)c4c(n3)CCCC4)C
ZINC01779942,Validated,ChemBridge,4.45,5,CCCCOc1ccc(cc1)/C=C/C(=O)NC(C)C
ZINC00218005,Validated,ChemDiv,3.58,5,CCN(CC)S(=O)(=O)N1CCC[C@@H](C1)C(=O)NC2CCCCC2
ZINC00238588,Validated,Enamine,5.02,"10,5",CC(=CCCC1=NN([C@@](C1)(C)CCC=C(C)C)C=O)C
ZINC00258632,Validated,Enamine,1.8,5,C[C@@H](c1ccccc1)NS(=O)(=O)C
ZINC00263595,Validated,IBScreen (Edchem),2.44,5,CC[C@@]1(NC(=S)N2N1C(=S)N[C@@]2(C)CC)C
ZINC00264105,Validated,IBScreen (Edchem),3.83,"10,5",CCCc1c2c(n[nH]1)OC(=C([C@H]2c3ccsc3C)C#N)N
ZINC00282116,Validated,ChemBridge,2.79,5,CC(C)(C)C(=O)Nc1ccc(cc1)NC(=O)C(C)(C)C
ZINC00242887,Validated,ChemBridge,1.41,5,COC(=O)N[C@@H](C(=O)c1ccccc1)O
ZINC00322785,Validated,IBScreen (Edchem),2.34,"6,5",COc1ccc(cc1OC)c2nnc(s2)N
ZINC00128400,Validated,Vitas‐M,2.92,5,c1cc2c(cc1c3csc(n3)CC#N)OCCO2
ZINC00446349,Validated,IBScreen (Edchem),4.04,5,c1ccc2c(c1)nc(s2)SCC(=O)c3cccs3
ZINC01233750,Validated,IBScreen,5.87,5,CC(C)[C@@H]1[C@@H]2CCCC=C2[C@@H]3CCCC[C@@H]3O1
ZINC00058285,Validated,Vitas‐M,2.67,10,c1ccc(cc1)Nc2ccccc2N
ZINC00102698,Validated,ChemBridge,2.15,5,CC(=O)c1cc2ccccc2o1
ZINC00344692,Validated,Enamine,3.3,5,c1ccc2c(c1)C(=O)N(C2=O)c3ccccc3[S@@](=O)C(F)(F)F
ZINC00346783,Validated,Specs,3.04,5,CC1(OC(=O)C(=Cc2ccc(s2)[N+](=O)[O-])C(=O)O1)C
ZINC00350715,Validated,Specs,2.66,5,CCN(CC)C(=O)[C@]12CC[C@](C1(C)C)(C(=O)O2)C
ZINC00365332,Validated,Specs,1.1,10,O=C(C)/N=C2/Sc1c(N2N(C(C)=O)C(C)=O)nc(cccc3)c3n1
ZINC00366877,Validated,Specs,4.81,"10,5",c1ccc2c(c1)nc3n2C=C(NN3)N/N=C/c4ccc(cc4)Cl
ZINC00036407,Validated,ChemBridge,3.45,5,Cc1c(c(=O)oc2c1ccc(c2C)OC)C
ZINC00118751,Validated,Specs,3.61,5,Cn1c2ccccc2n3c1c(c4c3nc(c(n4)C#N)C#N)C#N
ZINC03645064,Validated,ChemDiv,4.97,5,CC(C)OC(=O)c1ccc2c(c1)c3c([nH]2)CCCC3
ZINC00393738,Validated,Aldrich,2.85,5,COc1ccc(cc1)[C@@H]2CCCC[C@H]2O
ZINC00396628,Validated,Aldrich,2.7,5,Cc1cccc(c1C)NC(=O)NC(C)C
ZINC00506197,Validated,IBScreen (Edchem),1.16,5,C1CC[C@@]2([C@H](C1)CCC(=O)O2)O
ZINC00459287,Validated,ChemBridge,3.33,5,Cc1cc(=O)oc2c1ccc(c2)OC(C)C
ZINC00476297,Validated,ChemBridge,5.45,5,Cc1cc(ccc1O[C@@H](C)C(=O)NC2CCCCCC2)Cl
ZINC00617161,Validated,ChemBridge,4.33,5,c1cnc(nc1)SCc2ccc(c(c2)Cl)Cl
ZINC00331935,Validated,Enamine,0.71,5,C[C@@]1(CC(O[P@]1(=O)C)(C)C)O
ZINC00493350,Validated,Enamine‐REAL,2.71,5,CC(C)(C)NC(=S)Nc1ccc(cc1)F
ZINC03881371,Validated,Vitas‐M,2.93,5,C[C@H]1CC(=C[C@H](C1(CO)CO)C)C
ZINC00522903,Validated,IBScreen (Edchem),3.24,10,CC1(CC2=C(C(=O)C1)C3(CCC4(CC3)OCCO4)C(=C(O2)N)C#N)C
ZINC00529503,Validated,IBScreen (Edchem),5.86,"10,5",CCn1c(=O)c2c(c(sc2nc1SCc3ccccc3F)C)C
ZINC00535984,Validated,IBScreen (Edchem),4.76,"10,5",Cc1cc(n(n1)CCOC(=O)[C@H]2[C@@H](C2(C)C)C=C(Cl)Cl)C
ZINC00549477,Validated,Specs,4.64,"10,5",c1cc(sc1)C2=NN=C3[C@H]2[C@@H](C(=C(O3)N)C#N)C4CCCCC4
ZINC00551538,Validated,IBScreen (Edchem),3.24,10,CC1CN(C3=C(/C=C(C#N)/C#N)C(N2C=CC=CC2=N3)=O)CC(C)O1
ZINC00560825,Validated,Ambinter,3.2,10,CCn1c(nnc1SCC(=O)NC(C)(C)C)C2CCCCC2
ZINC00375384,Validated,ChemBridge,2.6,5,COc1ccc(cc1)CNC(=O)C2CCCC2
ZINC00614168,Validated,ChemBridge,3.61,5,CC(C)(C)c1ccccc1NC(=O)c2cc(c(c(c2)OC)OC)OC
ZINC00620045,Validated,ChemBridge,3.19,5,c1ccc(cc1)CS(=O)(=O)CC(=O)Nc2ccc3c(c2)OCCO3
ZINC00620166,Validated,ChemBridge,2.69,5,CCCC(=O)N1CC2(CC(C1)(CN(C2)C(=O)CCC)C)C
ZINC00622415,Validated,Specs,4.89,5,COc1cc(cc(c1)C(=O)c2ccc(cc2)F)C(=O)c3ccc(cc3)F
ZINC00624202,Validated,Enamine,5.76,"7,3",Cc1ccnc(c1)N(C(=O)c2cc3c(s2)CCCC3)C(=O)c4cc5c(s4)CCCC5
ZINC00454920,Validated,ChemBridge,4.52,5,CCc1cc(=O)oc2c1ccc(c2C)OCC(=O)OC(C)(C)C
ZINC00628553,Validated,Specs,4.74,"7,3",CCN1c2ccc(c3c2c(ccc3)C1=O)S(=O)(=O)N(c4ccc(cc4)OC)C(=O)c5cccnc5
ZINC00790489,Validated,ChemBridge,4.69,5,CCc1ccc(cc1)n2c(nnn2)SCC(=O)Nc3ccc(cc3)C(=O)C
ZINC00630275,Validated,ChemBridge (Depleted),5.77,5,CC(C)(C)OC(=O)N1CCC[C@H]1C(=O)Oc2ccc3c(c2)occ(c3=O)c4ccc(cc4)F
ZINC00630883,Validated,Specs,4.38,"6,5",Cc1cc2c(cc1C)NC3=C([C@@H](N2)c4cc5c(cc4Cl)OCO5)C(=O)CC(C3)(C)C
ZINC00634239,Validated,Specs,4.73,10,CCOC(=O)C1=NN[C@@]2([C@@H]1C(=O)N(C2=O)c3cccc(c3)C(F)(F)F)c4cccc(c4)[N+](=O)[O-]
ZINC18068175,Validated,ChemBridge,4.56,5,CCOC(=O)c1c(c(sc1N2C(=O)[C@H]3CC(=C(C[C@@H]3C2=O)C)C)C)C
ZINC18068175,Validated,ChemBridge,4.56,5,CCOC(=O)c1c(c(sc1N2C(=O)[C@@H]3CC(=C(C[C@@H]3C2=O)C)C)C)C
ZINC18068175,Validated,ChemBridge,4.56,5,CCOC(=O)c1c(c(sc1N2C(=O)[C@@H]3CC(=C(C[C@H]3C2=O)C)C)C)C
ZINC02695638,Validated,Vitas‐M,6.96,5,CCN1c2ccc(cc2/C(=C/3\C(=O)N(C(=S)S3)Cc4ccc(cc4)OC)/C1=O)Br
ZINC00645444,Validated,Specs,6.15,5,CCOc1cc(cc(c1OCC)OCC)C(=O)Oc2ccc3c(cc(=O)oc3c2)C
ZINC00646685,Validated,ChemBridge,5.92,"10,5",CCOC(=O)N1CCN(CC1)c2c3cc(cc(c3nc(n2)C(F)(F)F)C)C
ZINC00647320,Validated,ChemBridge,4.25,"7,3",Cc1c(cnn1C)CN(C)C(=O)c2cnn3c2N[C@H](C[C@@H]3C(F)(F)F)c4ccc(c(c4)OC)OC
ZINC00647734,Validated,Vitas‐M,5.01,5,Cc1ccc(c(c1)C)S(=O)(=O)N2CCCN(CC2)S(=O)(=O)c3ccc(cc3C)C
ZINC00661253,Validated,Specs,5.86,"7,3",COc1cccc(c1)c2ccc3c(c(sc3n2)C(=O)Nc4ccc(c(c4)F)F)N
ZINC00669528,Validated,Specs,5.05,5,CCN(CC)C(=O)c1c(c(c(s1)NC(=O)[C@@H]2C[C@H]3CC[C@@H]2C3)C(=O)OCC)C
ZINC00673873,Validated,Specs,5.54,5,c1cc(sc1)[C@@H]2C[C@H](n3c(c(c(n3)C(=O)NCc4ccc(cc4)F)Br)N2)C(F)(F)F
ZINC18276282,Validated,Vitas‐M,5.16,10,CCOC(=O)c1c(csc1/N=C/c2c(nn(c2O)c3ccccc3)C)CC(C)C
ZINC01092707,Validated,Vitas‐M,5.53,5,c1ccc(cc1)/C=C/C(=O)Nc2cccc(c2)NC(=O)c3cccc(c3)Cl
ZINC00673948,Validated,ChemBridge,5.92,5,c1ccc(cc1)[C@@H]2C[C@H](n3c(cc(n3)C(=O)Nc4cccc(c4)Cl)N2)C(F)(F)F
ZINC00681990,Validated,Specs,5.58,5,Cc1ccc(cc1)N(CCOC(=O)c2ccc(cc2)S(=O)(=O)N3CCCCC3)C4=NS(=O)(=O)c5c4cccc5
ZINC18178970,Validated,Ambinter,"5.00",5,CCOC(=O)CN1C(=O)[C@H]([C@@H](C1=O)OC(=O)c2ccccc2)OC(=O)c3ccccc3
ZINC18178970,Validated,Ambinter,"5.00",5,CCOC(=O)CN1C(=O)[C@@H]([C@@H](C1=O)OC(=O)c2ccccc2)OC(=O)c3ccccc3
ZINC18178970,Validated,Ambinter,"5.00",5,CCOC(=O)CN1C(=O)[C@@H]([C@H](C1=O)OC(=O)c2ccccc2)OC(=O)c3ccccc3
ZINC00706102,Validated,ChemBridge,3.07,10,c1ccc(cc1)[C@@H]2CC3=C([C@H](C(=C(O3)N)C#N)c4ccccc4F)C(=O)C2
ZINC13161772,Validated,Specs,6.51,"10,5",Cc1ccc(cc1)NCc2ccc\3n2CC/C3=C/4\Cn5c(ccc5C4=O)CNc6ccc(cc6)C
ZINC00692692,Validated,Specs,6.09,"6,5",COC(=O)c1cccc(c1)NC(=O)c2cc(cc(c2)N3C(=O)c4ccccc4C3=O)C(=O)Nc5cccc(c5)C(=O)OC
ZINC00199168,Validated,ChemBridge,2.76,5,COc1ccc(cc1)OCC(=O)N2CCN(CC2)C(=O)c3ccco3
ZINC00701894,Validated,Specs,2.89,"10,5",CC(=O)Oc1cc(cc(c1OC(=O)C)OC(=O)C)C(=O)Nc2ccc(cc2)Oc3ccccc3
ZINC00703833,Validated,Specs,4.63,5,COc1ccc(cc1)Oc2c(=O)c3ccc(cc3oc2C(F)(F)F)OC(=O)N4CCOCC4
ZINC00706600,Validated,Specs,4.51,"6,5",c1ccc(cc1)Cn2c3ccccc3c4c2nc(nn4)SCC(=O)OCN5C(=O)c6ccccc6C5=O
ZINC00708194,Validated,ChemBridge,3.65,"7,3",c1ccc(cc1)c2nn(c(=S)n2c3ccccc3)[C@@H]4CC(=O)[C@H]5OC[C@@H]4O5
ZINC00709053,Validated,Vitas‐M,4.62,5,Cc1cccc(c1NC(=O)C2(CCCCC2)N(Cc3ccco3)C(=O)c4ccc(cc4)NC(=O)C)C
ZINC00709808,Validated,Chemical Block,2.5,"6,5",COc1ccccc1N(CCOC(=O)[C@@H]2CC(=O)N(C2)c3ccccc3)C4=NS(=O)(=O)c5c4cccc5
ZINC00709971,Validated,ChemBridge,4.64,"10,5",c1ccc(cc1)c2nnc(n2c3ccccc3)SCC(=O)N4CCN(CC4)C(=O)c5ccccc5
ZINC12376491,Validated,ChemDiv,"6.00","7,3",c1ccc(cc1)CN\2C(=O)C[C@@H](S/C2=N\c3ccc(cc3)F)C(=O)Nc4ccccc4
ZINC12376491,Validated,ChemDiv,"6.00","7,3",c1ccc(cc1)CN\2C(=O)C[C@@H](S/C2=N/c3ccc(cc3)F)C(=O)Nc4ccccc4
ZINC00716244,Validated,Chemical Block,3.93,5,CCCS(=O)(=O)c1c2cnccn2c(c1S(=O)(=O)CCC)C(=O)c3ccc(cc3)C
ZINC00718346,Validated,ChemBridge,4.92,5,c1ccc(c(c1)COc2ccc(cc2)C3C4=C(CCCC4=O)OC5=C3C(=O)CCC5)F
ZINC05130489,Validated,Chemical Block,4.48,"10,5",CCOc1ccc(c(c1)OCC)c2c3c([nH]n2)OC(=C([C@H]3c4ccco4)C#N)N
ZINC00719771,Validated,ChemBridge,5.04,5,CC1(CC2=C([C@H](C(=C(N2c3c(cccc3F)F)N)C#N)c4cccc(c4)Cl)C(=O)C1)C
ZINC00721075,Validated,ChemBridge,4.08,5,COc1cc(cc(c1OC)OC)c2cc(n3c(n2)c(cn3)C(=O)OC)C(F)(F)F
ZINC00721263,Validated,Specs,4.41,5,CC1=CC(C(=C(N1c2ccc(cc2)C(=O)N)N)C#N)(C(F)(F)F)C(F)(F)F
ZINC00721280,Validated,Chemical Block,5.75,"6,5",COC(=O)c1c2c(sc1NC(C(F)(F)F)(C(F)(F)F)NC(=O)c3cccnc3)CCCCC2
ZINC00728578,Validated,Specs,4.99,"10,5",CC1(CC2=C([C@@H](C(=C(O2)N)C#N)c3c4ccccc4cc5c3cccc5)C(=O)C1)C
ZINC00752157,Validated,ChemBridge,5.27,5,COc1ccccc1Nc2nc(nc(n2)OCC(F)(F)F)OCC(F)(F)F
ZINC00758004,Validated,ChemBridge,4.93,5,CC[C@@H](c1ccccc1)C(=O)N2CCCN(CC2)C(=O)[C@@H](CC)c3ccccc3
ZINC00777912,Validated,ChemDiv,6.65,"7,3",CCC(=O)N1[C@H](CC(=N1)c2ccc(cc2)C3=NN([C@H](C3)c4cccc(c4OC)OC)C(=O)CC)c5cccc(c5OC)OC
ZINC18181539,Validated,Vitas‐M,2.95,"10,5",Cc1cc(nc(n1)S[C@@H]2CC(=O)N(C2=O)c3ccc(c(c3)OC)OC)C
ZINC00293278,Validated,ChemBridge,3.69,5,Cc1ccc(cc1)S(=O)(=O)N(CCO)Cc2ccccc2
ZINC00808563,Validated,ChemBridge,4.83,5,Cc1ccc(cc1C)n2c(=O)c3cc4c(cc3c2=O)c(=O)n(c4=O)c5ccc(c(c5)C)C
ZINC00815319,Validated,Specs,4.55,5,Cc1ccc(cc1)c2cc(n3c(n2)c(cn3)C(=O)N4CCSCC4)C(F)F
ZINC00251749,Validated,Specs,3.55,5,c1ccc2c(c1)C(=O)N(C2=O)c3ccccc3C(F)(F)F
ZINC00822179,Validated,Vitas‐M,5.04,8,CC(=O)N[C@@H](C(Cl)(Cl)Cl)Nc1c(c2c(s1)CCCC2)C(=O)OC
ZINC00826061,Validated,ChemBridge,4.48,5,CCCS(=O)(=O)c1c2c3ccccc3ccn2c(c1S(=O)(=O)CCC)C(=O)c4ccccc4
ZINC00030240,Validated,ChemBridge,3.95,5,c1ccc2c(c1)C(c3ccccc3O2)C(=O)NC4CCCC4
ZINC00845130,Validated,Vitas‐M,6.53,5,Cc1c(c(n(n1)CC(=O)Nc2c(c3c(s2)C[C@H](CC3)C(C)(C)C)C(=O)OC)C)[N+](=O)[O-]
ZINC00859208,Validated,ChemBridge,4.22,5,CCc1ccc(cc1)OCC(=O)NCCc2ccc(c(c2)OC)OC
ZINC00861016,Validated,Specs,5.77,5,COc1ccc(cc1)[C@@H]2CC3=C([C@H](c4c5ccccc5ccc4N3)c6ccc7c(c6)OCO7)C(=O)C2
ZINC00045256,Validated,ChemBridge,3.72,2,c1cc2c(cc1/C=C/C(=O)Nc3ccc4c(c3)OCO4)OCO2
ZINC00894471,Validated,Asinex,5.13,5,CC(=O)Oc1cccc(c1)N2C(=O)c3ccc(cc3C2=O)C(=O)c4ccc5c(c4)C(=O)N(C5=O)c6cccc(c6)OC(=O)C
ZINC00915416,Validated,ChemBridge,4.85,5,Cc1ccc(cc1Cl)NC(=O)CSc2nnc(o2)Cc3ccccc3
ZINC00937066,Validated,ChemBridge,5.64,5,CCOc1ccc(cc1)NC=C(S(=O)(=O)c2ccc(cc2)C)S(=O)(=O)c3ccc(cc3)C
ZINC00937421,Validated,Ambinter,5.58,10,c1ccc(cc1)c2cc(n(n2)c3ccc(cc3)/C=N/n4cnnc4)c5ccccc5
ZINC00944011,Validated,ChemBridge,3.42,"6,5",N1C(=O)C(CC(=O)Nc2c(cccc2)NC(=O)CC2C(=O)Nc3ccccc3N2)Nc2c1cccc2
ZINC00944678,Validated,ChemBridge,5.16,5,Cc1c(sc2c1c(=O)n(c(n2)SCC(=O)N3CCCC3)C4CCCCC4)C
ZINC02558386,Validated,ChemBridge,1.55,"7,3",COc1cccc(c1)Cn2cc(cn2)N
ZINC00953339,Validated,Life Chemicals,3.89,5,Cc1c(c(=O)n(n1C)c2ccccc2)NC(=O)[C@@H]3CCCCN3S(=O)(=O)c4ccc(cc4)Cl
ZINC00959448,Validated,ChemBridge,6.08,5,CS(=O)(=O)c1ccc(c(c1)[N+](=O)[O-])SCC(=O)Oc2ccc(cc2)C3CCCCC3
ZINC00738600,Validated,Vitas‐M,4.16,"7,3",Cc1ccccc1C(=O)N2CCN(CC2)c3ccc(cc3)NC(=O)c4c(cccc4OC)OC
ZINC00435005,Validated,ChemBridge,4.14,5,Cc1cccc(c1)C(=O)Nc2ccc(c(c2)C)NC(=O)c3ccccc3
ZINC04754751,Validated,ChemBridge,5.07,"6,5",CC/C(=N\N=C/1\N(C(=O)[C@@H](S1)C)Cc2ccco2)/c3ccccc3
ZINC00970310,Validated,Vitas‐M,2.77,5,Cn1c(c(cn1)Cl)c2nc(no2)c3c(non3)N
ZINC00974316,Validated,ChemBridge,1.48,5,C1[C@@H]2C=C[C@H]1[C@H]3[C@@H]2[C@@H]4CO[C@H](C3=O)O4
ZINC00977288,Validated,Specs,4.62,5,Cc1c(c2ccccc2n1CC=C)C=C3C(=O)OC4(CCCCC4)OC3=O
ZINC00985518,Validated,Specs,5.72,5,CC1(CC2=C(C(C3=C(N2c4ccc(cc4)OC)CC(CC3=O)(C)C)c5ccc6c(c5)OCO6)C(=O)C1)C
ZINC00985529,Validated,Specs,5.35,"10,5",CCn1cc(c(n1)C)C2C3=C(CC(CC3=O)(C)C)N(C4=C2C(=O)CC(C4)(C)C)c5ccc(cc5)C
ZINC00986515,Validated,Specs,4.18,"6,5",c1ccc(cc1)Oc2ccc(cc2)NC(=S)N3CCN(CC3)C(=O)[C@H]4CCCO4
ZINC00989373,Validated,Specs,4.25,"10,5",COC(=O)CC1=C([C@@]2(c3ccccc3NC2=O)C(=C(O1)N)C(=O)OCc4ccccc4)C(=O)OC
ZINC18247170,Validated,Vitas‐M,5.29,5,C[C@@H]1C=CC[C@H]2[C@@H]1C(=O)N(C2=O)c3cccc(c3)C(=O)OCC(=O)c4ccc(cc4)Br
ZINC00996595,Validated,ChemBridge,5.5,5,COc1ccc(cc1COCC(F)(F)F)[C@@H]2[C@@H]3CCCC=C3C(=C(C2(C#N)C#N)N)C#N
ZINC00997514,Validated,Specs,5.47,"6,5",CCN(CC)C(=O)c1c(c(c(s1)NC(=O)c2cc(cc(c2)OC)OC)C(=O)OC)C
ZINC00865825,Validated,ChemBridge,4.47,5,c1cc(sc1)[C@@H]2C[C@H](n3c(c(c(n3)C(=O)N4CCCC4)Br)N2)C(F)(F)F
ZINC01010117,Validated,Specs,4.99,"10,5",N1(c2ccccc2)C(=O)C(Sc2c(c(c(c(n2)N)C#N)c2ccc(cc2)C)C#N)C(=N1)C
ZINC01016887,Validated,Specs,2.09,5,CCc1c(c(=O)n2c(c(sc2n1)C#N)N)C#N
ZINC18154892,Validated,Vitas‐M,5.98,10,CSc1ccc(cc1)[C@@H]2[C@@H]3[C@@H](C(=O)N(C3=O)c4cccc(c4)C(F)(F)F)ON2c5ccccc5
ZINC18154892,Validated,Vitas‐M,5.98,10,CSc1ccc(cc1)[C@@H]2[C@H]3[C@@H](C(=O)N(C3=O)c4cccc(c4)C(F)(F)F)ON2c5ccccc5
ZINC01022216,Validated,Specs,6.85,5,C#Cc1cccc(c1)NC(=O)c2cc(cc(c2)N3C(=O)c4ccccc4C3=O)C(=O)Nc5cccc(c5)C#C
ZINC01022529,Validated,Chemical Block,5.26,5,Cc1ccc(c(c1)NC(=O)[C@H]2CC3c4ccccc4C2c5c3cccc5)C
ZINC00035148,Validated,ChemBridge,1.88,5,c1cc(c(c(c1)F)C(=O)N2CCCC2)F
ZINC03298278,Validated,Enamine,2.75,5,C[C@H](C(=O)N)OC(=O)c1cccc(c1)C(F)(F)F
ZINC01027811,Validated,Maybridge,3.53,5,CCOC(=O)c1cnn(c1N)C(=O)c2cnn(c2C(F)(F)F)c3ccc(cc3)[N+](=O)[O-]
ZINC04324659,Validated,Maybridge (Chemie Brunschwig),4.92,"10,5",c1ccc2c(c1)cc(s2)C(=O)N3CCCN(CC3)c4ccc(c[nH+]4)C(F)(F)F
ZINC01034232,Validated,Maybridge (Ryan Scientific),5.47,"6,5",c1ccc2c(c1)CC(C2)n3c(nnc3SCC(=O)c4ccc5c(c4)OCCO5)OCC(=O)c6ccc(cc6)F
ZINC01036174,Validated,Maybridge (Chemie Brunschwig),6.14,"6,5",Cc1ccc(cc1)N2CC(=O)N(CC2=O)/N=C/c3cn(nc3c4ccc(cc4)Cl)c5ccccc5
ZINC01037611,Validated,Maybridge,5.51,5,CSc1c(c(n2c(n1)c(c(n2)SC)C#N)c3ccc(cc3)Cl)C#N
ZINC01038169,Validated,Maybridge,3.11,5,CN1c2ccccc2-c3c(c(sc3C(=O)N4CCOCC4)SC)S1(=O)=O
ZINC00031483,Validated,ChemBridge,3.19,"7,3",Cc1cccc(c1C)NC(=O)CSc2ccccn2
ZINC01038287,Validated,Maybridge,5.87,"7,3",CSc1c-2c(c(s1)C(=O)Nc3ccc(cc3)Cl)CCc4c2nc(nc4)SC
ZINC01038638,Validated,Maybridge (Chemie Brunschwig),6.72,5,CCOC(=O)C1=C(C(=O)N(C1)C(C)(C)C)Nc2ccc(cc2)OC(=O)Nc3ccc(cc3)OC(F)(F)F
ZINC01040115,Validated,Maybridge,3.68,"7,3",Cn1c(nnc1SCc2cc(cc(c2)F)F)c3ccc4c(c3)non4
ZINC00052373,Validated,ChemBridge,3.47,5,C[C@]12c3cc(c(cc3CCN1C(=O)OC24CCCCC4)OC)OC
ZINC16247975,Validated,ChemBridge,3.93,5,CC1=C(C[C@H]2[C@@H](C1)C(=O)N(C2=O)c3cccc(c3)Br)C
ZINC16247975,Validated,ChemBridge,3.93,5,CC1=C(C[C@@H]2[C@@H](C1)C(=O)N(C2=O)c3cccc(c3)Br)C
ZINC16247975,Validated,ChemBridge,3.93,5,CC1=C(C[C@H]2[C@H](C1)C(=O)N(C2=O)c3cccc(c3)Br)C
ZINC00115579,Validated,ChemBridge,2.3,"7,3",c1ccc(cc1)S(=O)(=O)N2CCN(CC2)C(=O)c3cccnc3
ZINC01042205,Validated,Maybridge (Chemie Brunschwig),4.31,"10,5",CCc1ccc2c(c1)cc3c(n2)c4c(n(c(=O)n(c4=O)C)C)n(c3=O)c5ccccc5
ZINC01042477,Validated,Maybridge (Chemie Brunschwig),6.04,5,CCOC(=O)C1=C(NC(=O)N[C@H]1c2ccc(o2)c3cc(cc(c3)C(F)(F)F)C(F)(F)F)C
ZINC01043629,Validated,Maybridge (Chemie Brunschwig),6.06,5,c1cc(ccc1c2nc(on2)C(F)(F)F)c3nc(on3)C(F)(F)F
ZINC01043630,Validated,Maybridge (Chemie Brunschwig),5.56,"6,5",Cc1c(c(n(n1)c2ccccc2)C)c3nnc(o3)c4c(nn(c4C)c5ccccc5)C
ZINC01043645,Validated,Maybridge,4.25,"7,3",Cc1cc(n(n1)c2ccc(cc2)n3cccc3/C=C(\C#N)/S(=O)(=O)C)C
ZINC01112071,Validated,ChemBridge,4.67,2,c1cc(sc1)/C=C/C(=O)Nc2ccc(cc2)I
ZINC01047054,Validated,Maybridge (Chemie Brunschwig),6.58,"10,5",CC(C)(C)c1cc(n(n1)Cc2ccccc2)c3nc(no3)c4ccc(cn4)C(F)(F)F
ZINC00988163,Validated,Specs,4.42,5,c1ccc2c(c1)cn(n2)c3ccc(cc3)C(F)(F)F
ZINC01048063,Validated,Maybridge,4.55,5,CCCN(CCC)S(=O)(=O)c1ccc(cc1)C(=O)N2CC[C@@H]3c4ccccc4C(=O)N3C2
ZINC01048892,Validated,Maybridge,4.43,5,C[C@H]1CN(C[C@H](O1)C)C(=[NH2+])NS(=O)(=O)c2cc(cc(c2)C(F)(F)F)C(F)(F)F
ZINC01048957,Validated,Maybridge (Chemie Brunschwig),4.7,"10,5",Cc1cc(n(n1)C2=NCCN2S(=O)(=O)c3cc(cc(c3)C(F)(F)F)C(F)(F)F)C
ZINC01052739,Validated,ChemBridge,5.26,5,CN1c2ccc(c3c2c(ccc3)C1=O)S(=O)(=O)N(c4ccc(cc4)OC)C(=O)C5CCCCC5
ZINC01055318,Validated,ChemBridge,0.3,"7,3",c12c(non1)NC3C(N2)Nc4c(non4)N3
ZINC03180157,Validated,Chemical Block,4.04,"6,5",CC(=O)Oc1ccc(cc1OC)/C=C(/C(=O)Nc2cccc(c2)CO)\NC(=O)c3ccccc3
ZINC00102777,Validated,ChemBridge,2.45,"7,3",COc1cccc(c1)NC(=O)CSc2nnc3n2cccc3
ZINC01061488,Validated,Ambinter,4.5,5,c1ccc(c(c1)[C@H]2[C@@H]3CSCC=C3C(=C(C2(C#N)C#N)N)C#N)Cl
ZINC01062339,Validated,ChemBridge,4.55,10,CC[C@@H]1CCCCN1C(=O)[C@H]2CC(=NO2)c3cc(c(cc3OC)OC)Cl
ZINC01064005,Validated,ChemBridge,2.86,5,CCc1ccc(cc1)N2[C@H]3CS(=O)(=O)C[C@@H]3N(C2=S)CC=C
ZINC18213338,Validated,ChemBridge,3.83,10,c1ccc2c(c1)C3c4ccccc4C2[C@@H]5[C@H]3C(=O)N(C5=O)c6nccs6
ZINC01067979,Validated,ChemBridge,5.14,"7,3",c1ccc(cc1)C(=O)c2ccc(c(c2)F)N3CCN(CC3)C(=O)c4c(cccc4F)F
ZINC01074103,Validated,Vitas‐M,4.82,5,Cc1cccc(c1NC(=O)CSc2nnnn2c3ccc(cc3)OC(F)(F)F)C
ZINC01074408,Validated,ChemBridge,5.09,5,CC(C)CC(=O)N1c2c(cccc2OC)-c3c(ssc3=S)C1(C)C
ZINC01075720,Validated,Chemical Block,3.62,"10,5",Cc1nc2c(c(n1)N(C)C)sc(=S)n2c3ccccc3
ZINC01076516,Validated,Chemical Block,5.49,10,CCOC(=O)C1=C(N2C(=O)[C@@H](SC2=C([C@H]1c3ccc(cc3Cl)Cl)C(=O)OCC)C)N
ZINC01078468,Validated,Ambinter,"4.00",5,Cn1c2c(c(=O)n(c1=O)C)n(c(n2)SCC(=O)NCCc3ccc(c(c3)OC)OC)Cc4ccccc4F
ZINC01087888,Validated,Vitas‐M,2.71,"7,3",CCOC(=O)C1CCN(CC1)S(=O)(=O)c2nc3nc(cc(n3n2)C)C
ZINC01089589,Validated,Ambinter,2.28,7,Cc1ccc(cc1Br)N[C@@H]2[C@@H]([C@@H]([C@H]([C@@H](O2)CO)O)O)O
ZINC01089649,Validated,ChemBridge,5.22,5,COc1ccc(cc1)S(=O)(=O)n2c3ccccc3n(c2=O)S(=O)(=O)c4ccc(cc4)OC
ZINC01060140,Validated,Pharmeks,5.72,"10,5",CN1C(=O)N([C@]2([C@@]1(Nn3c(=O)/c(=C/c4ccc(cc4)Br)/sc3=N2)c5ccccc5)c6ccccc6)C
ZINC01102279,Validated,ChemBridge,2.78,5,c1ccc(cc1)n2c(=O)n(n(c2=O)CC(=O)N3CCCCC3)CC(=O)N4CCCCC4
ZINC01103619,Validated,ChemBridge,5.87,5,c1ccc(cc1)Sc2c(c(=O)n3ccccc3n2)/C=C\4/C(=O)N(C(=S)S4)C[C@H]5CCCO5
ZINC01105326,Validated,ChemBridge,3.77,"6,5",CC(=O)OC([C@@]12C=C[C@@H](O1)[C@@H]3[C@H]2C(=O)N(C3=O)c4ccc(c(c4)C(=O)OC)Cl)OC(=O)C
ZINC01107975,Validated,Life Chemicals,3.08,"2,0",CC[C@H](C(=O)Oc1ccc2c(c1)oc(=O)c3c2CCCC3)NS(=O)(=O)c4ccc(cc4)C
ZINC09313347,Validated,ChemBridge,4.21,10,Cc1cc2c(cc1C)NC3=C([C@@H](N2)c4cc(c(c(c4)OC)OC(=O)C)OC)C(=O)CC(C3)(C)C
ZINC18266455,Validated,Vitas‐M,4.62,7,CC1=CC(N2c3c1cc(cc3/C(=C/4\C(=O)N=C(S4)NC(=O)C)/C2=O)OC)(C)C
ZINC01125223,Validated,ChemBridge,3.37,6,CC1=C([C@H](C2=C(N1)CCCC2=O)c3cccs3)C(=O)N4CCCCC4
ZINC01239456,Validated,ChemBridge,4.65,8,CC(=O)Nc1ccc(cc1)OCc2cc(ccc2OC)[C@@H]3Nc4ccccc4C(=O)N3c5ccccc5
ZINC02065666,Validated,ChemBridge,3.8,5,CCCCC(=O)NC1C2CC3CC(C2)CC1C3
ZINC00844246,Validated,ChemDiv,5.48,"7,3",CC1=NC2=C([C@@H](C1C(=O)OCCc3ccccc3)c4ccc(cc4)Cl)C(=O)CCC2
ZINC01132042,Validated,ChemBridge,6.25,5,Cc1ccc(cc1)C(=C2[C@@H]3C=C[C@H]2[C@@H]4[C@H]3C(=O)N(C4=O)c5cccc(c5)C(=O)C)c6ccc(cc6)C
ZINC01066443,Validated,ChemDiv,5.16,5,c1ccc(c(c1)NC(=O)COc2ccc(cc2[N+](=O)[O-])C(F)(F)F)Br
ZINC01134578,Validated,ChemBridge,6.01,5,CCOC(=O)c1c(nc(c(c1c2ccccc2)C#N)SC[C@]3(CCCC[C@@H]3SC)O)C
ZINC01051722,Validated,ChemBridge,5.68,5,Cc1c2cc(ccc2oc1C(=O)Nc3ccc(cc3)S(=O)(=O)N4CCCCCC4)F
ZINC01456961,Validated,ChemBridge,4.44,5,COC(=O)c1ccc(cc1)[C@@H]2C3=C(C[C@@H](CC3=O)c4ccco4)Nc5ccccc5N2C(=O)C6CC6
ZINC01150180,Validated,ChemBridge,5.45,"7,3",c1ccc-2c(c1)CC3(CCCCC3)c4c2nc(n(c4=O)Cc5ccco5)SCC(=O)N
ZINC00991867,Validated,ChemBridge,4.68,5,c1ccc2c(c1)C(=O)N(C2=O)c3cccc(c3)C(=O)OCC(=O)c4ccc(cc4)F
ZINC00051416,Validated,ChemBridge,2.93,"7,3",Cc1nccn1S(=O)(=O)c2ccc(cc2)Cl
ZINC13154025,Validated,ChemBridge,3.68,10,c1cc(c(cc1N2C(=O)[C@H]3CC=CC[C@@H]3C2=O)C(=O)N)N4CCCCC4
ZINC01187392,Validated,ChemDiv,5.34,5,CC(=O)Oc1ccc(cc1)C(=O)Nc2cccc(c2)C(=O)c3cccc(c3)NC(=O)c4ccc(cc4)OC(=O)C
ZINC00766498,Validated,ChemBridge,4.18,5,Cc1ccc(cc1)N2[C@@H](Nc3ccccc3C2=O)c4cccc(c4)[N+](=O)[O-]
ZINC00160197,Validated,ChemBridge,4.03,5,c1ccc2c(c1)C(=O)N(C2=O)/N=C/c3cc(ccc3Cl)[N+](=O)[O-]
ZINC01196712,Validated,ChemBridge,4.54,5,Cc1ccc(c(c1)C(=O)c2ccccc2)NC(=O)c3ccc(cc3)S(=O)(=O)N4CCOCC4
ZINC16676346,Validated,ChemBridge,5.25,"10,5",CC1=C([C@H](C(=C(N1)SCC(=O)c2ccc(cc2Cl)Cl)C#N)c3cccs3)C(=O)C
ZINC00707994,Validated,ChemBridge,3.62,"7,3",CC1=NC2=C([C@H](C1C(=O)OC[C@@H]3CCCO3)c4cccc(c4)OC)C(=O)CCC2
ZINC01208728,Validated,ChemBridge,3.87,5,c1c(cc(cc1C(=O)N)NC(=O)c2cc(cc(c2)C(F)(F)F)C(F)(F)F)C(=O)N
ZINC01210122,Validated,ChemBridge,6.17,"6,5",COc1ccccc1N2C(=O)c3ccc(cc3C2=O)C(=O)Nc4ccc(cc4)c5nnc(o5)c6ccccc6
ZINC01213157,Validated,ChemBridge,4.53,10,CC1=C([C@@H](C2=C(N1)CC(CC2=O)(C)C)c3cc(ccc3Cl)[N+](=O)[O-])C(=O)OC[C@@H]4CCCO4
ZINC01868102,Validated,ChemBridge,4.15,2,CC[C@H](C(=O)c1ccccc1)OC(=O)CNC(=O)c2ccc(cc2)N3C(=O)c4ccccc4C3=O
ZINC00998518,Validated,ChemBridge,5.55,5,CCC(=O)N1c2ccccc2NC3=C([C@H]1c4ccc(o4)c5ccc(cc5Cl)[N+](=O)[O-])C(=O)CC(C3)(C)C
ZINC08934271,Validated,ChemBridge,4.97,"10,5",CC1=C([C@@H](C(=C(N1)SCC(=O)Nc2ccccc2)C#N)c3ccccc3Cl)C(=O)C
ZINC00786356,Validated,ChemBridge,3.19,5,c1cc2c(cc1c3ccc4c(c3)C(=O)N(C4=O)CCO)C(=O)N(C2=O)CCO
ZINC01234952,Validated,ChemBridge,5.59,5,COc1ccc(cc1)NC(=O)c2cc(cc(c2)NC(=O)c3ccccc3)C(=O)Nc4ccc(cc4)OC
ZINC08741738,Validated,Life Chemicals,5.83,5,Cc1ccccc1N2[C@@H]([C@@H]3[C@@H](O2)C(=O)N(C3=O)c4c(c5c(s4)CCCC5)C#N)c6ccc(cc6)OC
ZINC18227453,Validated,Vitas‐M,5.76,5,CC[C@@H]1CCc2c(sc(c2C(=O)OCC)NC=C3C(=O)N(C(=O)N(C3=O)C)C)C1
ZINC01245439,Validated,Ambinter,5.83,5,CCOc1cc(ccc1OC(C)C)[C@H]2[C@@H]3CN(CC=C3C(=C(C2(C#N)C#N)N)C#N)C(=O)OC(C)(C)C
ZINC16739874,Validated,Life Chemicals,4.75,"6,5",Cc1ccc(cc1)S(=O)(=O)/N=C\2/N(C(=O)C(=CN(C)C)S2)C3CCCCC3
ZINC01250844,Validated,Vitas‐M,4.98,5,CCOc1ccc(cc1OCC)C[C@H]2c3cc(c(cc3CCN2C(=O)c4c(ncs4)C)OCC)OCC
ZINC01258241,Validated,Vitas‐M,4.07,5,CC1(OC[C@@H](O1)COc2c(c(nc(c2Cl)F)N3CCOCC3)F)C
ZINC09210816,Validated,IBScreen,4.52,"10,5",COc1cccc(c1)c2c3c([nH]n2)OC(=C([C@@H]3c4cc(c(cc4Br)OC)OC)C#N)N
ZINC01857441,Validated,ChemBridge,4.64,5,CCNC(=O)/C(=C/c1cn(nc1c2cccs2)c3ccccc3)/NC(=O)c4ccccc4
ZINC01295422,Validated,ChemBridge,2.05,5,COC(=O)c1ccc(cc1)N([C@H]2CS(=O)(=O)C=C2)C(=O)C(F)(F)F
ZINC00081634,Validated,ChemDiv,2.68,"7,3",Cc1cccn2c1nc(c(c2=O)C=O)NC
ZINC06781006,Validated,ChemBridge,3.13,"6,5",CC(=O)Nc1nc2cc3c(cc2s1)nc(s3)NC(=O)C
ZINC09041058,Validated,ChemBridge,4.68,5,c1ccc2c(c1)NC3=C([C@H](N2C(=O)C(F)(F)F)c4ccco4)C(=O)C[C@H](C3)c5cccc(c5)[N+](=O)[O-]
ZINC01308593,Validated,Pharmeks,4.87,"7,3",COc1ccc(cc1)[C@H]2CC3=C([C@@H](N(c4ccccc4N3)C(=O)C(F)(F)F)c5cc(c(c(c5)OC)OC)OC)C(=O)C2
ZINC06923965,Validated,Ambinter,3.85,5,Cc1ccc(cc1N2C(=O)[C@@H]3[C@H]4C=CC=NN4[C@@H]([C@@H]3C2=O)C(=O)C(C)(C)C)[N+](=O)[O-]
ZINC05163260,Validated,Life Chemicals,3.75,"10,5",c1ccc2c(c1)nc3c(n2)n(c(n3)c4ccc(cc4)[N+](=O)[O-])C[C@@H]5CCCO5
ZINC00281934,Validated,ChemBridge,3.92,5,CCOC(=O)c1c(c2c([nH]1)CCC(=C2Cl)C=O)C
ZINC01320772,Validated,Enamine,4.86,5,c1ccc(cc1)S(=O)(=O)c2c3c(nc(c(n3)C#N)C#N)n(c2N)Cc4ccc(cc4)F
ZINC01775277,Validated,ChemBridge,4.25,10,CCOCCOC(=O)[C@H](C)n1cnc2c(c1=O)c3c(s2)C[C@H](CC3)C
ZINC08763282,Validated,Bionet (Ryan Scientific),4.57,"10,5",Cc1nnc2n1c3cc(ccc3n(c2=O)CCNc4c(cc(c[nH+]4)C(F)(F)F)Cl)Cl
ZINC01386314,Validated,Bionet (Ryan Scientific),3.5,10,Cc1ccc(n1c2ccc(cc2)c3ccnc4n3ncn4)C
ZINC01015500,Validated,ChemBridge,5.31,5,COc1ccc(cc1OC)C(=O)/C=C/Nc2ccc(c(c2)C(F)(F)F)Cl
ZINC01015500,Validated,ChemBridge,5.31,5,COc1ccc(cc1OC)C(=O)/C=C\Nc2ccc(c(c2)C(F)(F)F)Cl
ZINC00367451,Validated,Specs,2.46,5,COC(=O)/C=C/CN1C(=O)c2ccccc2C1=O
ZINC01156766,Validated,ChemBridge,3.48,5,C[C@H](c1ccccc1)NC(=O)C2CCN(CC2)C(=O)c3ccc(cc3)F
ZINC01392159,Validated,Bionet (Ryan Scientific),4.94,5,C[C@@]1([C@H]2NC(=S)N(N2C(=S)N1)c3ccc(cc3)Cl)c4ccc(cc4)Cl
ZINC05524751,Validated,Bionet (Ryan Scientific),1.59,"6,5",CN(C)C(=C(C#N)C#N)/C=C\Nc1cc(cc(c1)Cl)Cl
ZINC05524751,Validated,Bionet (Ryan Scientific),1.59,"6,5",CN(C)C(=C(C#N)C#N)/C=C/Nc1cc(cc(c1)Cl)Cl
ZINC01401816,Validated,Keyorganic,5.83,"7,3",c1cc(ccc1C(=O)Nc2cc3c(n(c2=O)CCNc4c(cc(cn4)C(F)(F)F)Cl)CCCC3=O)Cl
ZINC01403110,Validated,Bionet (Ryan Scientific),4.09,5,c1cc(sc1)C[C@H](C#N)c2c(cc(cn2)C(F)(F)F)Cl
ZINC01403863,Validated,Bionet (Ryan Scientific),5.83,5,C[C@H](C(=O)c1cn(nn1)c2ccc(cc2)OC(F)(F)F)Oc3ccc(cc3F)F
ZINC01404771,Validated,Keyorganic,4.38,10,CCOC(=O)[C@@H]1[C@@H]2[C@H](C(=N1)C3=C(c4ccccc4C3=O)[O-])C(=O)N(C2=O)N(C)c5c(cc(cn5)C(F)(F)F)Cl
ZINC01405175,Validated,Bionet (Ryan Scientific),5.63,"10,5",Cc1c(c(=O)ccn1Cc2ccc(cc2)Cl)OCc3c(cccc3Cl)F
ZINC00833863,Validated,ChemBridge,4.55,5,CC1(CC2=C([C@@H](C(=C(O2)N)C#N)c3ccc(cc3)C(F)(F)F)C(=O)C1)C
ZINC01425882,Validated,Chemical Block,3.3,"6,5",CCOc1ccc(cc1OCC)CC(=O)C2=C(CCCC2=O)N3CCCC3
ZINC01426971,Validated,Chemical Block,5.06,"10,5",Cc1c(c2c(s1)[C@H](C(=C(O2)N)C#N)c3cc(cs3)Br)C(=O)OC
ZINC01427722,Validated,Chemical Block,4.49,"6,5",COc1cc(c(cc1OC)NC(=O)COc2c(non2)N3CCOCC3)C(=O)OC
ZINC01429011,Validated,Chemical Block,2.74,"10,5",CN(C)c1nc(nc(n1)N)COC(=O)c2ccc(cc2)n3cnnc3
ZINC01430778,Validated,Chemical Block,4.55,5,COc1ccc(c(c1)OC)[C@@H]2CC(=O)N(C3=C2C(=O)CCC3)c4c(c5c(s4)CCCC5)C#N
ZINC01430947,Validated,ChemBridge,5.43,5,COc1cccc(c1)OCCn2c(=O)c3cc4c(cc3c2=O)c(=O)n(c4=O)CCOc5cccc(c5)OC
ZINC01435754,Validated,Ambinter,3.37,10,CC(C)(C)C(=O)[C@H]1[C@@H](C([C@@H]2N1c3ccccc3C=C2)(C#N)C#N)c4ccsc4
ZINC01438543,Validated,Vitas‐M,5.44,10,CC1=C([C@H](C2=C(N1)C[C@@H](CC2=O)c3cccs3)c4ccc5c(c4)OCO5)C(=O)OCCc6ccccc6
ZINC01439744,Validated,Vitas‐M,5.81,10,CC1=C([C@H](C2=C(N1)C[C@H](CC2=O)c3ccccc3OC)c4ccc(cc4)OC(=O)C)C(=O)OC5CCCC5
ZINC01440693,Validated,Ambinter,4.31,5,CCOc1cc(c(cc1OCC)NC(=O)c2cc(c(cc2Cl)Cl)S(=O)(=O)N3CCOCC3)C#N
ZINC01440820,Validated,Specs,4.34,"6,5",c1ccc(c(c1)COc2ccccc2[C@@H]3c4c(c(=O)cc(o4)CO)OC(=C3C#N)N)Cl
ZINC01061471,Validated,ChemBridge,3.75,8,CC(C)CNc1nc(nc(n1)SCC(=O)OC)N2CCOCC2
ZINC01446574,Validated,Vitas‐M,3.95,2,Cc1ccccc1C(=O)N[C@H](C(Cl)(Cl)Cl)NC(=S)Nc2ccccc2OC
ZINC01449296,Validated,Vitas‐M,5.04,5,CC1=C(C(C(=C(N1)C)C(=O)OC)c2cn(nc2c3cccc(c3)[N+](=O)[O-])c4ccccc4)C(=O)OC
ZINC01450871,Validated,Vitas‐M,3.99,5,Cc1c(c(=O)n(n1C)c2ccccc2)N[C@H](C(Cl)(Cl)Cl)NC(=O)c3cccc(c3)[N+](=O)[O-]
ZINC01457114,Validated,Vitas‐M,4.19,10,C[C@H]1CN(C[C@@H](O1)C)C(=O)c2cc(nc3c2cccc3)c4ccc5c(c4)OCO5
ZINC01463390,Validated,Enamine‐REAL,2.95,"10,5",Cc1ccc(cc1C)n2c(cc(=O)cc2C)C
ZINC01470650,Validated,ChemBridge,4.48,8,CCc1cccc(c1N([C@@H](C)COC)C(=O)Cn2c3ccccc3nc2[C@@H](C)O)C
ZINC18115187,Validated,Vitas‐M,2.55,"10,5",Cc1cc2c(c(=O)[nH]1)[C@H](C(=C(O2)N)C#N)c3cc(c(c(c3)OC)OC)OC
ZINC01514859,Validated,Enamine,3.14,"10,5",c1ccc(cc1)C(=O)N2CCCC[C@H](C2=O)Sc3nnc4n3cccc4
ZINC01515530,Validated,Enamine,4.17,5,N1(C(=O)C2C3c4c(cccc4)C(C2C1=O)c1c3cccc1)CCOC(=O)c1ccc(cc1)S(=O)(=O)N(CCC)CCC
ZINC00094814,Validated,ChemBridge,"4.00",5,Cc1ccc(c(c1)C)NC(=O)c2c(ccc(c2OC)Cl)Cl
ZINC00243170,Validated,Specs,1.74,8,CCOC(=O)c1c(sc(n1)N)C
ZINC01742482,Validated,Enamine,5.7,10,c1ccc(cc1)C(=O)Oc2ccc3cc(c(=O)oc3c2)c4nc5ccccc5s4
ZINC01776464,Validated,ChemBridge,2.93,"7,3",CC(C)CCn1c2c(nc1NCCO)n(c(=O)n(c2=O)C)C
ZINC01787803,Validated,Specs,6.95,"7,3",CCOC(=O)C1=C(n2c(=O)/c(=C/c3ccc(cc3)C(=O)OC)/sc2=C([C@H]1c4ccc(cc4)C(=O)OC)C(=O)OC)N
ZINC01798674,Validated,Pharmeks,5.49,"7,3",c1cc(ccc1CON2[C@H]3CCCC[C@@H]3N(C(=O)C2=O)OCc4ccc(cc4)Br)Br
ZINC01802740,Validated,ChemBridge,4.59,"6,5",Cc1cc(c(n1CCOC)C)C(=O)CSc2c3c(c(sc3ncn2)C)C
ZINC01803312,Validated,ChemBridge,5.79,"6,5",C[C@@H]1CCc2c(sc3c2c(ncn3)SCC(=O)Nc4cc(ccc4C(=O)OC)C(=O)OC)C1
ZINC00357200,Validated,ChemBridge,3.9,5,Cc1ccc(cc1C)NC(=O)[C@@H]2CCCN2C(=O)OC(C)(C)C
ZINC01812703,Validated,Pharmeks,6.27,"7,3",CC(=O)[C@@]1(CC[C@@H]2[C@]1(CC[C@H]3[C@@H]2CCC4=CC(=CC[C@@]34C)NOCC(=O)N[C@@H](c5ccccc5)C(=O)OC)C)O
ZINC02310748,Validated,ChemBridge,5.1,10,CCCC[C@]1(NC(=S)N(N1)c2ccc(cc2)C)c3ccccc3
ZINC01837680,Validated,Enamine,3.2,"10,5",C1CCc2c(c3c(nc(nc3s2)SCC(=O)N(CCO)CCO)N)C1
ZINC00273616,Validated,ChemBridge,2.64,5,Cc1cc2c(c(c1C)[N+](=O)[O-])nsn2
ZINC01860590,Validated,IBScreen,3.25,"7,3",CCOP(=O)(Cc1ccc(o1)CP(=O)(OCC)OCC)OCC
ZINC18130691,Validated,Vitas‐M,5.24,10,COc1ccc(cc1)/N=C/c2ccc(cc2)/C=N/c3ccc(cc3)OC
ZINC04038619,Validated,IBScreen,4.48,8,CCCc1c2c([nH]n1)OC(=C([C@@]23c4ccccc4N(C3=O)CC(=O)N)C(=O)OC)N
ZINC02880792,Validated,ChemBridge,4.34,"7,3",c1ccc2c(c1)ncc(n2)c3cccc(c3)NC(=O)c4cccs4
ZINC01882819,Validated,Pharmeks,6.47,"7,3",c1ccc(cc1)N2[C@@H]([C@@H]3[C@H](O2)C(=O)N(C3=O)c4ccc(cc4)Cl)c5ccccc5OS(=O)(=O)c6ccccc6
ZINC03234159,Validated,Enamine,3.02,5,CCCC(=O)OCC(=O)Nc1ccc(cc1Cl)F
ZINC01172022,Validated,ChemBridge,6.36,"6,5",c1ccc2c(c1)/C(=C/3\C(=O)N(C(=S)S3)Cc4ccco4)/C(=O)N2CC(=O)Nc5ccc(cc5)F
ZINC03399146,Validated,ChemBridge,3.3,5,Cc1ccccc1c2nc(on2)CCl
ZINC00308399,Validated,ChemBridge,4.58,2,c1ccc(cc1)CSC[C@@H]2C(=O)N(C(=S)N2)C3CCCCC3
ZINC12413552,Validated,Life Chemicals,3.74,5,CCOC(=O)N1CCN(CC1)C(=O)c2ccc(cc2)N3C(=O)[C@H]4CCCC[C@@H]4C3=O
ZINC01745390,Validated,ChemBridge,5.36,5,CCOCCOC(=O)c1ccc(cc1)NC(=O)COc2ccc(cc2Br)C
ZINC01953737,Validated,Enamine,5.96,5,COc1ccc(c(c1)NC(=O)c2ccc(cc2)NC3=C(C(=O)N(C3=O)C4CCCCC4)Cl)OC
ZINC05841926,Validated,Enamine‐REAL,4.41,"6,5",N1(C(=CC=CC(=O)C(F)(F)F)C(c2c1cccc2)(C)C)C
ZINC01506334,Validated,ChemBridge,4.79,"6,5",C[C@H]1CCc2c(sc(n2)NC(=O)c3ccc(c(c3)F)F)C1
ZINC02026866,Validated,Specs,5.56,"6,5",CC1(C(=NC(=S)N1c2ccc(cc2)OC)N[C@@H]([C@H](n3cncn3)Oc4ccc(cc4)Cl)C(C)(C)C)C
ZINC02030843,Validated,ChemDiv,6.28,5,C1(=C(NC(=C(C1c1sccc1)C#N)SCCCCCC)C)C(Nc1c(cccc1)OC)=O
ZINC02038455,Validated,Enamine,5.69,5,C1C=C[C@@H]2[C@H]1[C@@]3(C(=C([C@]2(C3(Cl)Cl)Cl)Cl)Cl)Cl
ZINC18141967,Validated,ChemBridge,4.66,10,Cc1c(c(=O)n(n1C)c2ccccc2)N/C=C\3/c4ccc(cc4C(=O)N(C3=O)Cc5ccco5)OC
ZINC02064506,Validated,Specs,3.04,5,CCCCC(=O)Nc1ccc(c(c1)[N+](=O)[O-])F
ZINC13302512,Validated,ChemBridge,1.61,10,CCO/C(=C/c1c(nc2c(n1)non2)[O-])/[O-]
ZINC13302512,Validated,ChemBridge,1.61,10,CCO/C(=C/c1c(nc2c(n1)non2)[O-])/O
ZINC00684489,Validated,ChemBridge,3.95,"7,3",CCC(=O)N1c2ccccc2-c3c(nc(nn3)SC)O[C@H]1c4ccc(c(c4)OC)OCC
ZINC02086271,Validated,ChemBridge,4.59,5,c1c(cc2c(c1)OCO2)/C=C/C(=O)NCCCCNC(=O)/C=C/c3cc4c(cc3)OCO4
ZINC03284659,Validated,ChemBridge,4.64,5,COc1cc(cc(c1)OC)C(=O)Oc2ccc(cc2)C(=O)OC
ZINC08450623,Validated,Specs,5.45,"10,5",COc1ccc(cc1CSc2ccccn2)[C@H]3C(=C(N(C4=C3C(=O)CCC4)c5ccccc5C(F)(F)F)N)C#N
ZINC00731980,Validated,Vitas‐M,3.68,5,CC(C)C(=O)N[C@@H](C(Cl)(Cl)Cl)Oc1ccc(cc1)C=O
ZINC02107492,Validated,Specs,5.32,"7,3",CC(C)[C@@H](C(=O)Nc1nc(cs1)c2ccc(cc2)S(=O)(=O)N3CCOCC3)N4C(=O)c5ccccc5C4=O
ZINC08451187,Validated,Specs,5.43,10,CC(C)OC(=O)C1=C(OC(=C([C@@H]1c2ccncc2)C#N)N)CSc3c(cc4c(n3)CCCCC4)C#N
ZINC02132529,Validated,Specs,4.25,"6,5",Cc1ccccc1OCC(=O)NCCNC(=O)COc2ccccc2C
ZINC02141091,Validated,Specs,4.43,"6,5",CC(=O)N1CC(=O)N(C1=S)CC(=O)N(Cc2ccccc2)c3nc(cs3)c4ccccc4
ZINC02151966,Validated,Specs,4.51,5,COc1cc(cc(c1OC)OC)[C@@H]2C3=C(CCCC3=O)N(C(=C2C(=O)c4ccccc4)N)c5ccccc5C(F)(F)F
ZINC02172705,Validated,Specs,4.52,"6,5",Cc1nnc(s1)N2[C@@H](c3c(=O)c4ccccc4oc3C2=O)c5cccc(c5)OCC=C
ZINC02076381,Validated,ChemBridge,3.72,5,CCOc1cc(cc(c1OCC#C)I)C=C2C(=O)N(C(=S)N(C2=O)C)C
ZINC00191380,Validated,ChemBridge,2.89,5,COc1nc(nc(n1)Cl)Nc2ccccc2
ZINC00865538,Validated,ChemBridge,4.61,5,c1cc(cc(c1)Oc2ccc3c(c2)C(=O)N(C3=O)CCO)Oc4ccc5c(c4)C(=O)N(C5=O)CCO
ZINC08469096,Validated,Vitas‐M,4.16,5,Cc1cccc(c1)n2c(cn3c2nc4c3c(=O)n(c(=O)n4C)C)c5cccc(c5)OC
ZINC02312992,Validated,Vitas‐M,6.59,5,CCc1ccc(cc1)c2csc(n2)/C(=C/Nc3ccc4c(c3)OCO4)/C#N
ZINC13464795,Validated,ChemBridge,4.91,"6,5",CCN(c1nnc(s1)c2ccc(cc2)Cl)C(=O)CN3C(=O)[C@H]4CCCC[C@@H]4C3=O
ZINC13464795,Validated,ChemBridge,4.91,"6,5",CCN(c1nnc(s1)c2ccc(cc2)Cl)C(=O)CN3C(=O)[C@@H]4CCCC[C@@H]4C3=O
ZINC13464795,Validated,ChemBridge,4.91,"6,5",CCN(c1nnc(s1)c2ccc(cc2)Cl)C(=O)CN3C(=O)[C@@H]4CCCC[C@H]4C3=O
ZINC02339277,Validated,ChemBridge,3.43,8,Cc1c2c(n(c(c2c(nn1)C)C)[C@H](C)c3ccc(cc3)OC)C
ZINC02341661,Validated,Life Chemicals,5.05,"6,5",C[C@@H]1CCCN(C1)c2nc3c(n2CCSc4nc5ccccc5s4)c(=O)n(c(=O)n3C)C
ZINC02350444,Validated,ChemBridge,5.6,5,c1ccc(cc1)COC(=O)CSc2c(c(sn2)SCC(=O)OCc3ccccc3)C#N
ZINC02381831,Validated,Life Chemicals,4.92,"6,5",c1cc(sc1)/C=C/2\C(=O)N(C(=S)S2)CCCCCC(=O)N3CCOCC3
ZINC02420977,Validated,Vitas‐M,4.84,5,Cc1c(c(=O)c2ccc(cc2o1)OCC(=O)OCC=C)c3ccc(cc3)Cl
ZINC02439283,Validated,ChemBridge,5.39,"10,5",CCc1cc2c3c(c1)[C@@]4(C(=C(OC5=C4C(=O)CC(C5)(C)C)N)C#N)C(=O)N3C(C=C2C)(C)C
ZINC02459574,Validated,Life Chemicals,4.61,10,CCCSc1nc2c(c(=O)n1c3ccc(cc3)Br)SCC2
ZINC02464437,Validated,ChemBridge,4.28,5,CCCCCC(=O)NC1(CCCC1)CCC
ZINC00704427,Validated,ChemBridge,4.48,5,CCOC(=O)C1=C(OC(=C([C@H]1c2cccc(c2)I)C#N)N)C
ZINC02475899,Validated,ChemBridge,2.69,5,CCCCN1[C@H]2[C@@H](N(C1=O)C)N(C(=O)N2C)CCCC
ZINC02488810,Validated,ChemBridge,3.86,2,Cc1c(sc(n1)SCCOc2ccccc2)C(=O)C
ZINC18091170,Validated,ChemBridge,"4.00",5,c1ccc(cc1)[C@H]2[C@H]3[C@@H](C(=O)N(C3=O)c4ccccc4)C5(O2)C(=O)c6ccccc6C5=O
ZINC02502884,Validated,Vitas‐M,4.75,10,CCc1ccc(cc1)[C@@H]2C(=C(N=C3N2C(=O)CCS3)C)C(=O)OC(C)C
ZINC02555316,Validated,Specs,3.1,"10,5",Cc1cc2c(c(=O)o1)[C@H](C(=C(O2)N)C#N)c3cccc(c3F)F
ZINC02579295,Validated,Enamine,0.86,7,c1(c(c(nc(c1F)F)F)F)NN
ZINC01263811,Validated,Vitas‐M,4.94,7,c1ccc(cc1)/C=C/C(=O)Nc2ccc(cc2)N3CCN(CC3)C(=O)c4cccs4
ZINC00956989,Validated,ChemBridge,5.31,5,CCOc1cc(ccc1OCc2ccc(cc2)Cl)[C@@H]3C(=C(NC(=S)N3)C)C(=O)OCC
ZINC02617139,Validated,Enamine,4.18,5,Cc1cc(c(n1C[C@@H]2CCCO2)C)C(=O)COC(=O)c3ccc(cc3OC)OC
ZINC02617857,Validated,Enamine,4.13,"10,5",Cc1c2c(nc3n(c2=O)CCCCC3)sc1C(=O)N4CCN(CC4)S(=O)(=O)c5ccccc5
ZINC02622674,Validated,Enamine,4.73,"10,5",CC(=C)CSc1nnc(n1C2CCCC2)c3cccc(c3)S(=O)(=O)N4CCOCC4
ZINC02624194,Validated,Enamine,2.31,5,c1cc(sc1)c2nnc(o2)SCC(=O)NCCN3C(=O)CSC3=O
ZINC06567055,Validated,Enamine,5.28,7,Cn1c2ccccc2nc1[C@@H](C#N)C(=O)[C@H](c3ccccc3)Sc4ccccc4
ZINC02792202,Validated,ChemBridge,5.99,5,c1cc(ccc1NC(=O)c2ccc(o2)COc3ccc(cc3)I)OC(F)F
ZINC01164511,Validated,ChemBridge,6.26,"6,5",Cc1ccc(cc1)CN2C(=O)/C(=C/[C@H]3CCC=CC3)/SC2=S
ZINC00047229,Validated,ChemBridge,3.71,5,c1ccc(cc1)CCNC(=O)c2ccc(cc2)Cl
ZINC00937545,Validated,ChemBridge,4.34,"7,3",c1cc(cc(c1)S(=O)(=O)N2CCOCC2)C(=O)N3CCN(CC3)c4cccc(c4)Cl
ZINC02690652,Validated,ChemDiv,3.39,5,CC(=O)c1ccc(cc1)NC(=O)CNC(=O)CNC(=O)[C@H]2[C@H]3[C@@H]([C@@H]4[C@H](O2)OC(O4)(C)C)OC(O3)(C)C
ZINC00573711,Validated,ChemDiv,3.47,2,Cc1cccc(c1NC(=O)Cn2cc(c3c2cccc3)C(=O)C4CC4)C
ZINC02696214,Validated,ChemBridge,5.03,"7,3",CCOC(=O)c1c2c(sc1NC(=O)CSc3nnc(s3)C)CCCCC2
ZINC02697092,Validated,ChemBridge,5.56,"6,5",Cc1ccc(c(c1)C)N(C[C@@H](Cn2c3ccccc3c4c2cccc4)O)S(=O)(=O)C
ZINC02705704,Validated,Life Chemicals,5.07,"6,5",CC1CCC2(CC1)N=C(C(=O)N2CC(=O)Nc3ccc4c(c3)OCCO4)c5ccccc5
ZINC01181998,Validated,Vitas‐M,6.66,5,CC(C)CN1C(=O)/C(=C/[C@H]2CCC=CC2)/SC1=S
ZINC01322675,Validated,ChemBridge,3.11,5,C[C@@]12CC[C@H]3[C@@]1(CO[C@@]2(C3)C(=O)NCC(F)(F)F)C
ZINC02708085,Validated,ChemBridge,2.93,"10,5",Cc1c(c(cc(c1C)Br)C(=O)NCCCOC)C
ZINC02715265,Validated,Life Chemicals,5.14,"10,5",COc1cccc2c1n(/c(=N/C(=O)c3cc(c(c(c3)OC)OC)OC)/s2)CC=C
ZINC02716446,Validated,Life Chemicals,5.23,"6,5",CC[C@@H]1CCCCN1C(=O)COc2cccc3c2CCN(C3=O)Cc4ccc(cc4)Cl
ZINC11726409,Validated,Life Chemicals,5.84,"6,5",Cn\1c2ccc(cc2s/c1=N\C(=O)c3ccc(cc3)S(=O)(=O)N(C)c4ccccc4)[N+](=O)[O-]
ZINC00053798,Validated,ChemBridge,3.27,"7,3",Cc1c(c(n(n1)c2ccccc2)N)c3ccccc3
ZINC02719029,Validated,ChemDiv,4.66,"7,3",c12n(nc(n2)SCc2c(cccc2)F)C(C(=C(N1)C)C(Nc1c(cccc1)OC)=O)c1ccncc1
ZINC02722701,Validated,ChemDiv,5.07,5,Cc1cc(=O)oc2c1ccc(c2)OC[C@H]3c4cc(c(cc4CCN3C(=O)C5CCCCC5)OC)OC
ZINC02728504,Validated,ChemBridge,5.85,"6,5",c1cc(oc1)C(=O)N2CCN(CC2)c3ccc(cc3Cl)NC(=O)c4c(c(c(c(c4F)F)F)F)F
ZINC02729261,Validated,Vitas‐M,5.41,5,CCCOc1ccc(cc1)NC(=O)C[C@H]2C(=O)N(C(=S)N2C3CC3)c4ccc(cc4)Cl
ZINC06275647,Validated,Vitas‐M,3.74,"6,5",Cc1c(cn(n1)C)c2cc(nc(c2C#N)SCC(=O)NCC=C)C(F)F
ZINC02731613,Validated,Ambinter,4.99,10,c1cc(c(c(c1)Cl)Cn2ccc(n2)Nc3nnc(s3)Cc4ccc(cc4)n5cnnn5)Cl
ZINC02732234,Validated,Ambinter,5.34,10,Cc1cc(nn1[C@@H](C)c2nnc(s2)Nc3ccn(n3)Cc4ccccc4)C(F)(F)F
ZINC00994397,Validated,ChemBridge,2.63,5,Cn1c(c(cn1)Br)C(=O)N2CCCCCC2
ZINC01422950,Validated,Vitas‐M,2.78,"7,3",Cn1cnnc1SCC(=O)Nc2cc(c(cc2C(=O)OC)OC)OC
ZINC00707450,Validated,Vitas‐M,3.75,5,CC1=C([C@H](NC(=O)N1)c2ccc(c(c2)OC)OC(F)F)C(=O)OC(C)C
ZINC00077562,Validated,ChemBridge,3.73,5,CC1=NN([C@@](C1)(c2ccc(cc2)Cl)O)C(=O)c3ccccc3Cl
ZINC00116611,Validated,Specs,3.08,5,Cc1cc(n(c(=O)c1C#N)/N=C/c2ccccc2OC)C
ZINC02741252,Validated,Ambinter,4.27,5,c1cc(cc(c1)C(=O)N2CC[C@H](n3c2ccn3)C(F)(F)F)COCC(C(F)F)(F)F
ZINC02749277,Validated,ChemBridge,3.33,5,c1c(nc2cc(nn2c1C(F)(F)F)C(=O)NC[C@H]3CCCO3)C4CC4
ZINC02749578,Validated,Vitas‐M,3.27,5,CCn1cc(c(n1)C)CN(C)C(=O)c2cc3cc(ccc3oc2=O)Br
ZINC02750654,Validated,Vitas‐M,3.42,5,C[C@@H]1CCCCN1C(=O)CCCCC(=O)N2CCCC[C@H]2C
ZINC00877511,Validated,ChemBridge,4.36,"7,3",CCCn1c2ccccc2c3c1nc(nn3)SCC(=O)N[C@H](C)c4ccccc4
ZINC00432559,Validated,ChemBridge,3.59,5,CCCC1=C([C@@H](NC(=O)N1)c2ccc3c(c2)OCO3)C(=O)OCC
ZINC04114722,Validated,Specs,4.42,"10,5",Cc1c2c([nH]n1)OC(=C([C@H]2c3ccc(c(c3)OC)OCc4cccc(c4)F)C#N)N
ZINC02767247,Validated,ChemBridge,3.97,5,Cc1oc(cc1)/C=C/C(=O)NCCNC(=O)/C=C/c2oc(cc2)C
ZINC02770894,Validated,ChemBridge,2.8,5,C[C@@H]1CCC[C@H](N1C(=S)NCCCOC)C
ZINC02771743,Validated,ChemBridge,"5.00",10,CCSCCOC(=O)C1=C(NC2=C([C@H]1c3ccc4c(c3)OCO4)C(=O)C[C@H](C2)c5cccs5)C
ZINC02774982,Validated,Ambinter,3.74,5,c1cc(c(cc1NC(=S)NC[C@@H]2CCCO2)Cl)OC(F)F
ZINC02778109,Validated,Ambinter,3.27,10,Cc1c(c(n(n1)C)C)CN(C)C(=O)c2ccc(o2)Cn3c(c(c(n3)C)[N+](=O)[O-])C
ZINC02778289,Validated,Ambinter,3.12,5,Cc1c(cnn1C)CN(C)C(=O)[C@@H](C)n2c(c(c(n2)C(F)F)Br)C
ZINC02778755,Validated,ChemBridge,4.83,5,c1cc2c(cc1Cl)sc(c2Cl)C(=O)N3CCN(CC3)C(=S)NC[C@H]4CCCO4
ZINC13959247,Validated,Vitas‐M,4.11,10,Cc1c(cn(n1)C)c2cc(n3c(n2)cc(n3)C(=O)N4C[C@H](O[C@H](C4)C)C)C(F)(F)F
ZINC02781951,Validated,Vitas‐M,5.81,"10,5",Cc1c(cn(n1)C)c2cc(n3c(n2)c(cn3)C(=O)N(C4CCCCC4)C5CCCCC5)C(F)(F)F
ZINC02782138,Validated,Ambinter,6.63,5,C[C@@H](C(=O)Nc1ccc2c(cc(=O)oc2c1)C(F)(F)F)n3c(c(c(n3)C(F)(F)F)Cl)C4CC4
ZINC02776618,Validated,ChemBridge,3.08,5,Cc1c(c(nn1[C@@H](C)C(=O)N2CCOCC2)C(F)(F)F)Cl
ZINC18162323,Validated,Vitas‐M,4.3,"6,5",c1ccc(cc1)NC(=O)CN2[C@@H]3[C@@H](C(=O)N(C3=O)c4ccc(cc4Cl)Cl)N=N2
ZINC02788109,Validated,Ambinter,4.43,5,CCn1ccc(n1)CN(C)C(=O)c2ccccc2COc3ccc(cc3F)F
ZINC17077865,Validated,Ambinter,4.4,10,Cc1ccc(c(c1)OCc2ccc(o2)c3nc4c5cn[nH]c5ncn4n3)Cl
ZINC00612808,Validated,ChemBridge,1.85,"7,3",c1ccc(cc1)OCc2nnc(n2N)SC(F)F
ZINC02792340,Validated,Vitas‐M,3.53,"10,5",CCn1c(nnc1SCC(=O)NCC=C)CCn2c(c(c(n2)C)Br)C
ZINC00467599,Validated,ChemBridge,3.54,5,c1cc(oc1COc2c(c(cc(c2F)F)F)F)C(=O)NC3CC3
ZINC02801329,Validated,ChemBridge,3.89,10,CCOCCOC(=O)C1=C(NC2=C([C@@H]1c3ccc(cc3)C)C(=O)CCC2)C
ZINC02802395,Validated,Vitas‐M,3.73,"10,5",C[C@@H](c1nc2c3cnn(c3ncn2n1)c4ccccc4)n5cc(cn5)[N+](=O)[O-]
ZINC02802544,Validated,ChemBridge,3.85,"7,3",CCn1c(nnc1SCc2nc3c4cnn(c4ncn3n2)C)c5cc(n(n5)C)C(F)(F)F
ZINC02803312,Validated,ChemBridge,4.52,5,CCOC(=O)N1CCN(CC1)C(=O)c2c3c(on2)CC[C@@H](C3)C(C)(C)C
ZINC02803816,Validated,ChemBridge,4.92,10,Cc1cc(n2c(n1)cc(n2)c3nnc(o3)c4cccc(c4)C(F)(F)F)C(F)(F)F
ZINC02803917,Validated,Vitas‐M,3.9,"6,5",CCCOC(=O)c1c(c(sc1NC(=O)C2CCN(CC2)S(=O)(=O)C)C(=O)N)C
ZINC01457198,Validated,ChemBridge,5.16,5,CC(C)COc1ccc(cc1)C(=O)N2[C@@](CC(=N2)C(F)F)(C(F)F)O
ZINC02807448,Validated,Specs,5.77,"6,5",CC(C)(C)c1cc(nc(n1)SCCNC(=O)C2CCCCC2)C(F)(F)F
ZINC02807950,Validated,Ambinter,3.77,5,CCn1cc(cn1)c2nc3c4c(c(sc4ncn3n2)C)C
ZINC02811943,Validated,ChemBridge,1.04,"10,5",CCCNC(=O)N1CCN(CC1)C(=O)NCCC
ZINC00284059,Validated,ChemBridge,3.62,5,c1ccc(cc1)C(=O)[C@H](NC(=O)c2ccccc2)Sc3ncccn3
ZINC02815047,Validated,ChemBridge,4.43,"10,5",Cc1cc(n2c(n1)nnc2SCc3ccc(cc3)C(=O)c4ccccc4)C
ZINC01133653,Validated,ChemBridge,3.8,"6,5",CC(=O)N[C@@H]1[C@H]([C@H]2[C@@H](COC(O2)(C)C)O[C@@H]1Oc3cccc4c3cccc4)O
ZINC00627547,Validated,Specs,4.77,"10,5",CCOC(=O)C1=C(N=c2n(c(=O)/c(=C/c3ccc(cc3)OC(=O)C)/s2)[C@H]1c4cccs4)C
ZINC02818256,Validated,ChemBridge,4.66,"10,5",CCOC(=O)c1c(nc(s1)NCCNc2nc(c(s2)C(=O)OCC)C)C
ZINC02828452,Validated,ChemBridge,3.45,5,CC(C)(C)N(C)C(=O)c1c(c(c(c(c1F)F)F)F)F
ZINC09886132,Validated,ChemBridge,5.51,5,CCCC[C@H](CC)Cn1c2c(nc1SCC(=O)Nc3ccc(cc3)OC)n(c(=O)n(c2=O)C)C
ZINC02832643,Validated,ChemBridge,4.62,5,c1cc2c(cc1Br)c(cn2CC(=O)N3CCCCCC3)C(=O)C(F)(F)F
ZINC02835695,Validated,ChemBridge,4.03,2,c1ccc(cc1)S/C=C/C=C/S(=O)(=O)c2ccccc2
ZINC04978849,Validated,ChemBridge,4.26,9,Cc1cc(c(s1)C)c2c3c([nH]n2)OC(=C([C@H]3c4ccc(cc4)NC(=O)C)C#N)N
ZINC02841799,Validated,ChemBridge,4.93,7,Cc1c2c(n(n1)c3cccc(c3)Cl)OC(=C([C@@H]2c4ccc(cc4)NC(=O)C)C#N)N
ZINC02842393,Validated,ChemBridge,2.95,10,c1cc(c(cc1)[N+](=O)[O-])/C=N/c2ccc(cc2)/N=C/c3c(cccc3)[N+](=O)[O-]
ZINC02843413,Validated,ChemBridge,5.05,"6,5",c1ccc(cc1)C(=O)[C@@H]2[C@H](C([C@@H]3N2c4ccccc4C=C3)(C#N)C#N)c5ccc(s5)Br
ZINC02843454,Validated,ChemBridge,3.2,5,CN(CCO)S(=O)(=O)c1ccc2c3ccc(cc3oc(=O)c2c1)S(=O)(=O)N(C)CCO
ZINC04713445,Validated,ChemBridge,4.09,10,CCOCc1c(cc(c(c1C)[C@H]2c3c(n[nH]c3OC(=C2C#N)N)C)C)C
ZINC04713445,Validated,ChemBridge,4.09,10,CCOCc1c(cc(c(c1C)[C@H]2c3c([nH]nc3OC(=C2C#N)N)C)C)C
ZINC02846785,Validated,ChemBridge,4.37,2,Cc1ccccc1O[C@H]2[C@@H](N(C2=O)Cc3ccc4c(c3)OCO4)c5ccc6c(c5)OCO6
ZINC00710587,Validated,ChemDiv,6.27,5,Cc1ccc(cc1Cl)NC(=O)CSC2=C([C@@H](C(=C(N2)C)C(=O)Nc3ccccc3OC)c4ccco4)C#N
ZINC00055548,Validated,ChemBridge,2.14,5,c1cc(sc1)S(=O)(=O)/N=C/c2ccc(cc2)Br
ZINC02850645,Validated,ChemBridge,5.08,5,Cc1ccc(cc1)SCC(=O)NCc2cccc(c2)CNC(=O)CSc3ccc(cc3)C
ZINC02852778,Validated,ChemBridge,4.73,5,c1ccc2c(c1)C(=O)N(S2(=O)=O)CC(=O)Nc3ccc(cc3)S(=O)(=O)N4CCCCCC4
ZINC01151809,Validated,ChemBridge,4.49,5,Cc1ccc(cc1)c2nc3n(n2)C(=O)C[C@@H](S3)c4cccc(c4)[N+](=O)[O-]
ZINC02860956,Validated,ChemBridge,4.57,5,CC(C)c1ccc(cc1)CNC(=O)C(=O)NCCCOC(C)C
ZINC00054730,Validated,Specs,3.44,5,COc1cc(cc(c1OC)OC)C(=O)Nc2cccc(c2)C#N
ZINC01183526,Validated,ChemBridge,4.93,"10,5",CCOc1ccc(cc1)N2CN=c3n(c(=O)/c(=C/c4cc(c(cc4[N+](=O)[O-])OC)OC)/s3)C2
ZINC02864899,Validated,ChemBridge,5.63,5,Cc1ccccc1N[C@@H](c2ccccc2F)P(=O)(OC(C)C)OC(C)C
ZINC00870523,Validated,ChemBridge,4.24,"7,3",CCn1c(nnc1SCC(=O)Nc2ccc(cc2)C(=O)OC)c3ccccc3
ZINC00705483,Validated,ChemBridge,4.34,5,CC1(CC2=C([C@H](C(=C(N2c3ccc(cc3)Cl)N)C#N)c4ccc(c(c4)OC)OC)C(=O)C1)C
ZINC01158836,Validated,ChemBridge,5.38,5,c1ccc(cc1)CSCC(=O)Nc2ccc(cc2)c3ccc(cc3)[N+](=O)[O-]
ZINC00936899,Validated,ChemBridge,3.85,"7,3",CCOc1ccc(cc1[C@H]2C3=C(CC(CC3=O)(C)C)Nc4n2ncn4)Br
ZINC01071924,Validated,ChemBridge,3.8,5,CCOC(=O)CSc1nnnn1c2cccc3c2cccc3
ZINC02029686,Validated,Enamine,2.28,5,C[C@@]12CC[C@@H](C1(C)C)C(=O)N(C2=O)CC#C
ZINC02876196,Validated,ChemBridge,3.72,5,c1ccc(cc1)n2c(nnn2)OCCOc3nnnn3c4ccccc4
ZINC02876525,Validated,ChemBridge,4.91,5,CS(=O)(=O)N(CC(=O)N1CCc2ccccc2C1)c3ccc(cc3)OCc4ccccc4
ZINC02878840,Validated,Specs,2.68,"6,5",CCCOc1ccc(cc1)N2C(=O)C[C@@H](C2=O)N3CCNC3=S
ZINC02878840,Validated,Specs,2.68,"6,5",CCCOc1ccc(cc1)N2C(=O)C[C@H](C2=O)N3CCNC3=S
ZINC02880705,Validated,ChemBridge,4.34,"6,5",CS(=O)(=O)N(CC(=O)Nc1c(cccc1F)F)c2cc(c(cc2Cl)Cl)Cl
ZINC02880840,Validated,ChemBridge,5.98,5,CC(C)N(Cc1nc(no1)c2ccccc2)C(=O)c3ccccc3CCc4ccccc4
ZINC02880968,Validated,ChemBridge,4.47,"6,5",c1ccc(c(c1)CN(C(=O)c2cccc(c2)[N+](=O)[O-])N3C(=O)c4ccccc4C3=O)F
ZINC17988913,Validated,Vitas‐M,5.51,"6,5",c1cc(ccc1C(=O)N(Cc2ccc(c(c2)Cl)Cl)N3C(=O)[C@@H]4CCCC[C@H]4C3=O)Cl
ZINC00581990,Validated,ChemBridge,3.48,5,C[C@H](C(=O)NC1CCCC1)N(c2ccc(cc2)Cl)S(=O)(=O)C
ZINC00249645,Validated,ChemBridge,5.13,5,CC(=O)c1ccc(cc1NC(=O)c2ccccc2)C(C)(C)C
ZINC02895418,Validated,ChemBridge,4.44,5,Cc1ccc(cc1)[C@@H](O)P(=O)(OCC(C)C)OCC(C)C
ZINC02801315,Validated,ChemBridge,4.21,"7,3",CCCCOC(=O)C1=C(NC2=C([C@H]1c3ccccc3OC)C(=O)CCC2)C
ZINC06862609,Validated,ChemBridge,2.18,"6,5",Cc1ccc2c(c1)c3c([nH]2)nc(nn3)N/N=C/C=C/c4ccco4
ZINC02900677,Validated,ChemBridge,2.69,5,C1COCCN1P(=O)(OCC(F)(F)F)OCC(F)(F)F
ZINC00438087,Validated,ChemBridge,3.79,2,c1cc(c(cc1)NC(=O)/C=C/c2occc2)NC(=O)/C=C/c3occc3
ZINC06191766,Validated,ChemBridge,4.82,"10,5",C/C(=C\c1ccco1)/[C@@H]2c3c([nH]nc3OC(=C2C#N)N)c4ccccc4
ZINC00261113,Validated,ChemBridge,3.72,5,Cc1ccc(cc1)C(=O)Nc2cccc(c2)C(=O)OC
ZINC02915570,Validated,ChemDiv,2.19,"7,3",c12n(ncn2)C(C2=C(N1)CCCC2=O)c1c(cc(c(c1)OC)OC)OC
ZINC02916360,Validated,ChemDiv,5.42,"7,3",COc1ccc(cc1)[C@H]2C[C@H](Nc3n2ncn3)c4ccc(cc4)c5ccccc5
ZINC02921992,Validated,ChemBridge,4.44,10,CCCCSC1=C([C@@H](C(=C(N1)C)C(=O)C)c2cccc(c2)[N+](=O)[O-])C#N
ZINC02923539,Validated,ChemBridge,2.48,"6,5",c1ccc(cc1)OP(=O)(Oc2ccccc2)O[C@H]3CS(=O)(=O)C=C3
ZINC02924873,Validated,ChemBridge,3.25,10,c1cc2c(cc1C(=O)c3ccc4c(c3)C(=O)N(C4=O)c5nccs5)C(=O)N(C2=O)c6nccs6
ZINC02916975,Validated,Enamine,2.87,"7,3",Cn1c(cc2c1nc3ccccn3c2=O)C(=O)N4CCC5(CC4)OCCO5
ZINC00678637,Validated,Specs,3.79,10,CCOC(=O)C1=C(NC2=C([C@H]1c3ccccc3OC)C(=O)C[C@@H](C2)c4ccc(c(c4)OC)OC)C
ZINC02927811,Validated,Enamine,4.46,5,c1cc(sc1)C(=O)Nc2ccc(cc2)S(=O)(=O)c3ccc(cc3)NC(=O)c4cccs4
ZINC00195942,Validated,ChemBridge,2.56,5,COc1ccc(cc1)N2C(=O)Cc3ccccc3C2=O
ZINC00867315,Validated,Vitas‐M,4.62,5,COc1ccc(cc1)[C@@H]2C3=C(C[C@@H](CC3=O)c4ccco4)Nc5ccccc5N2C(=O)C(F)(F)F
ZINC02942705,Validated,ChemBridge,2.68,10,CCc1c(c(on1)c2c(c3ccccc3[nH]2)C(=O)C(=O)N(C)C)C
ZINC02086643,Validated,ChemBridge,1.43,5,CCCC(=O)NC[C@@H](C)NC(=O)CCC
ZINC02944542,Validated,ChemDiv,4.24,5,[C@]12([C@]3(OC4(CC(OC4)=O)CC3)[C@@H](CCC1[C@]1([C@@H](OC(OC1)(C)C)CC2)C)C)C
ZINC00357428,Validated,Enamine,1.85,5,C[C@@H](c1ccccc1)NC(=O)C2CC2
ZINC02959368,Validated,ChemDiv,2.96,"10,5",CCOC(=O)C1CCN(CC1)C(=O)c2ccc(c(c2)/N=C\3/N[C@@H]4CS(=O)(=O)C[C@@H]4S3)Cl
ZINC00442382,Validated,ChemBridge,4.05,5,Cc1cccc(c1C)NC(=O)Cc2ccc(cc2)Br
ZINC02964424,Validated,ChemDiv,3.95,10,CC[C@H](C(=O)N1CCOCC1)SC2=Nc3ccccc3C4=N[C@H](C(=O)N42)Cc5ccccc5
ZINC02964517,Validated,ChemDiv,4.85,"7,3",CC[C@H](C(=O)Nc1ccc2c(c1)OCO2)SC3=Nc4ccccc4C5=N[C@H](C(=O)N53)CC(C)C
ZINC01023102,Validated,ChemDiv,5.8,5,c1cc(cc(c1)N2C(=O)/C(=C/c3ccsc3)/SC2=S)C(F)(F)F
ZINC00450333,Validated,ChemBridge,3.18,"10,5",c1cc(ccc1/C=N/Oc2nc(nc(n2)N3CCOCC3)N)[N+](=O)[O-]
ZINC02972969,Validated,Ambinter,5.96,5,Cc1c(c(=O)n(n1C)c2ccccc2)Nc3c(nc4ccccc4n3)Nc5cccc(c5)Cl
ZINC02973993,Validated,ChemDiv,5.31,5,c1ccc(cc1)C(=O)CSc2nc3cc(ccc3c(=O)n2Cc4ccco4)C(=O)N5CCC(CC5)C(=O)N
ZINC01128992,Validated,ChemBridge,4.15,8,Cc1cc(nc2c1cccc2)SCC(=O)NCc3ccc4c(c3)OCO4
ZINC02974884,Validated,ChemBridge,4.11,5,CCOc1cc(cc(c1OCC)OCC)C(=O)Nc2ccc(c(c2)OC)OC
ZINC00373349,Validated,ChemBridge,4.24,5,COc1ccc(cc1COc2c(c(cc(c2F)F)F)F)C=O
ZINC02975517,Validated,ChemBridge,2.84,5,CC[C@H](C)NC(=O)NC(C(F)(F)F)C(F)(F)F
ZINC00352805,Validated,ChemBridge,3.31,5,CCc1ccccc1NC(=O)[C@@]23CC[C@@](C2(C)C)(C(=O)O3)C
ZINC01187647,Validated,ChemBridge,4.74,5,Cc1ccc(cc1[N+](=O)[O-])N2C(=O)[C@H]3[C@H](C2=O)C4(c5ccccc5C3c6c4cccc6)C(=O)C
ZINC02992891,Validated,ChemBridge,3.97,5,CC1(Cc2c(cc(c(=O)n2c3ccccc3)C(=O)N[C@@H](CCSC)C(=O)OC)C(=O)C1)C
ZINC02996352,Validated,ChemBridge,4.71,5,Cc1ccc(cc1C)C(=O)COc2cccc(c2)N3C(=O)[C@H]4[C@@H]5CC[C@@H](C5)[C@H]4C3=O
ZINC02997580,Validated,ChemBridge,4.93,5,CCOc1cc(ccc1OCC#C)C2C3=C(CC(CC3=O)(C)C)OC4=C2C(=O)CC(C4)(C)C
ZINC02998535,Validated,ChemBridge,4.8,"6,5",C[C@@H](CCc1ccccc1)NC(=O)C(=O)NC[C@@H]2COc3ccccc3O2
ZINC03004885,Validated,Vitas‐M,4.9,5,C[C@H](c1ccccc1)NC(=O)CN(C2CCCCC2)S(=O)(=O)c3ccccc3
ZINC01163656,Validated,ChemBridge,2.52,"6,5",CCN1C(=O)/C(=C/c2cc(n(c2C)c3ccc4c(c3)OCO4)C)/SC1=S
ZINC03006765,Validated,ChemDiv,5.45,5,COc1cc2c(cc1OC)[C@H](N(CC2)C(=O)/C=C/c3ccccc3)COc4ccc(cc4)F
ZINC03007724,Validated,Life Chemicals,2.05,2,CCN(c1ccccc1)C(=O)C(=O)c2cn(c3c2cccc3)CC(=O)N4CCOCC4
ZINC03017635,Validated,Enamine,4.34,8,Cc1c(sc2c1c(=O)n(cn2)CC(=O)N[C@@H]3CCC[C@H]([C@H]3C)C)C
ZINC00041369,Validated,ChemBridge,3.56,5,c1ccc2c(c1)c(c(s2)C(=O)NC[C@@H]3CCCO3)Cl
ZINC00655766,Validated,ChemBridge,4.3,5,Cc1ccc(cc1)N(CC(=O)NC[C@@H]2CCCO2)S(=O)(=O)c3ccc(cc3)SC
ZINC03033574,Validated,ChemDiv,4.75,5,CCOC(=O)C(C)(C)N(CCC(C)C)S(=O)(=O)c1ccc(cc1)[N+](=O)[O-]
ZINC03344047,Validated,Enamine,2.47,"7,3",c1ccc(cc1)n2c(=O)c3ccccc3c(n2)C(=O)N4CCOCC4
ZINC01083487,Validated,ChemBridge,5.89,5,CCCc1ccc(c(c1)OC)OCc2ccc(o2)C(=O)Nc3ccccc3C(=O)OC
ZINC03040513,Validated,ChemDiv,5.6,5,c1cc(cc(c1)Br)[C@@H]2C(=O)N(CC(=O)N2CCC3=CCCCC3)C4CCCCC4
ZINC03060391,Validated,ChemDiv,4.92,5,CC1CCN(CC1)S(=O)(=O)N2CCC(CC2)C(=O)N[C@@H](C)c3ccccc3
ZINC00721789,Validated,Vitas‐M,4.41,5,c1ccc(cc1)CNC(=O)/C(=C/c2ccc(cc2)Cl)/NC(=O)c3ccccc3
ZINC03105523,Validated,Enamine,2.55,5,c1ccc(c(c1)C(F)(F)F)NC(=O)C2CCC2
ZINC03117530,Validated,Chemical Block,1.98,2,CC(=O)N1CC(=O)N([C@@H]1c2ccc(cc2Cl)Cl)OCOC
ZINC03223956,Validated,Enamine,5.35,5,CCCCOc1ccc(cc1)C(=O)N(CCN2C(=O)c3ccccc3C2=O)c4cccc(c4)OC
ZINC03232082,Validated,Enamine,5.68,5,COc1cc(ccc1OCc2ccccc2)/C=N\n3cnc4c(c3=O)c5c(s4)CCCC5
ZINC02871160,Validated,ChemBridge,3.25,5,C[C@]12CC[C@@H]3[C@]1(CN([C@]2(C3)C#N)C(=O)c4cccc(c4)[N+](=O)[O-])C
ZINC01126453,Validated,ChemBridge,3.56,5,Cc1ccc(cc1)N2[C@H]3CS(=O)(=O)C[C@H]3N(C2=O)c4cccc(c4)Cl
ZINC03241789,Validated,Enamine,4.34,"7,3",Cc1cc(nc(n1)n2c3c(c(n2)C)[C@H]([C@@H]4C(=O)CC(C=C4N3)(C)C)c5ccco5)C
ZINC12600540,Validated,Enamine,4.39,5,C[C@@H]1CCC[C@@H](N1C(=O)COC(=O)c2ccc3c(c2)S(=O)(=O)c4ccccc4C3=O)C
ZINC03244173,Validated,Enamine,4.98,5,c1ccc(cc1)CC2CCN(CC2)C(=O)COC(=O)C3CCCCC3
ZINC03245216,Validated,Enamine,2.59,"10,5",Cn1c(c(c(=O)n(c1=O)C)C(=O)CSc2c(nc3ccccc3n2)SCC(=O)c4c(n(c(=O)n(c4=O)C)C)N)N
ZINC03246579,Validated,Enamine‐REAL,3.68,"6,5",COc1cc(ccc1OS(=O)(=O)c2ccc(c(c2)F)F)C=O
ZINC00379555,Validated,ChemBridge,3.43,5,COc1ccc(cc1)S(=O)(=O)N(CC(=O)OC)c2ccccc2
ZINC03248157,Validated,Enamine,5.31,5,c1ccc2c(c1)CCN2S(=O)(=O)c3cccc(c3)C(=O)OCC(=O)Nc4ccc(c(c4F)F)F
ZINC12616401,Validated,Enamine,6.27,5,CC1(c2ccccc2N(C1=CC(=O)COC(=O)C(c3ccccc3)c4ccccc4)C)C
ZINC00087965,Validated,ChemBridge,5.17,5,c1cc(cc(c1)[N+](=O)[O-])c2nc(on2)CC3CCCCC3
ZINC03257631,Validated,Enamine,4.46,"10,5",Cc1ccc(cc1)S(=O)(=O)N(C)c2ccc(cc2)OCC(=O)N3CCN(CC3)c4ncccn4
ZINC03264205,Validated,Enamine,4.97,"6,5",C[C@H]1CCCN(C1)C(=O)COC(=O)COc2cc(c(cc2Cl)Cl)Cl
ZINC03264497,Validated,Enamine‐REAL,5.59,"6,5",COc1cc(cc(c1OC)OC)C(=O)COC(=O)CCCOc2ccc(cc2Cl)Cl
ZINC03270888,Validated,Enamine,0.61,"6,5",C[C@@H](COC)NC(=O)CCl
ZINC03272800,Validated,Enamine,1.56,2,Cc1c(c2ccccc2[nH]1)C3=CN4CCS(=O)(=O)N=C4S3
ZINC03273046,Validated,Enamine,4.38,5,Cc1c(c(no1)c2c(cccc2Cl)F)C(=O)OCC(=O)N3[C@@H](CCC[C@H]3C)C
ZINC05950541,Validated,Enamine,4.96,8,CC[C@H]1CS/C(=N/c2cccc(c2)C)/N1C(=O)CCN3C(=O)c4ccccc4C3=O
ZINC03287055,Validated,Enamine,4.92,"6,5",c1cc(cc(c1)CNC(=O)/C(=C/c2cc3c(cc2)OCO3)/C#N)CNC(=O)/C(=C/c4cc5c(cc4)OCO5)/C#N
ZINC03294668,Validated,Enamine,6.04,"10,5",CCc1cc2c(s1)nc(n(c2=O)CC=C)SCC(=O)N3C[C@]4(C[C@@H]3CC(C4)(C)C)C
ZINC03295804,Validated,Enamine,3.63,5,CCOC(=O)c1c([nH]c(c1C(=O)COC(=O)c2ccc(c(c2)S(=O)(=O)N3CCOCC3)F)C)C
ZINC03297362,Validated,Enamine,5.36,8,COc1cc(ccc1OC(F)F)/C=C/C(=O)Nc2ccc(cc2)N3CCCCC3
ZINC03299308,Validated,Enamine,3.61,"10,5",CC[C@@H]1CCCCN1C(=O)CSc2nc(cc(n2)C)C
ZINC03302230,Validated,Enamine,4.59,"10,5",Cn1c(c(c(=O)n(c1=O)C)C(=O)COC(=O)c2cc(ccc2OC)S(=O)(=O)N3CCCCCC3)N
ZINC12658225,Validated,Enamine,5.4,"10,5",c1ccc\2c(c1)CN(/C2=N/C(=O)/C(=C/c3ccc4c(c3)OCO4)/C#N)c5cccc(c5)[N+](=O)[O-]
ZINC03303526,Validated,Enamine,4.54,2,Cc1ccc(s1)C(=O)NCC(=O)O[C@H](c2ccccc2)C(=O)Nc3ccc(c(c3)Cl)OC
ZINC03307144,Validated,Enamine,1.14,2,CCN(CC)S(=O)(=O)c1ccc(cc1)C(=O)N2CCNC(=O)[C@H]2CC(=O)OC
ZINC00107756,Validated,Specs,1.48,"7,3",Cc1c(sc(n1)N)C(=O)OC
ZINC03314367,Validated,Enamine,4.47,"6,5",CCOC(=O)c1c(c(c([nH]1)C)C(=O)OCC(=O)N2CCc3c2cccc3)C
ZINC03315666,Validated,Enamine,6.8,"6,5",CCCCNC(=S)N(C)/N=C/c1ccc(c(c1)OC)OCc2ccc(cc2)Cl
ZINC03325954,Validated,Enamine,4.1,5,CCCN(CC1CC1)C(=S)Nc2cc(ccc2Cl)[N+](=O)[O-]
ZINC03328732,Validated,Enamine,4.63,"10,5",c1ccc2c(c1)c(cc(n2)c3ccccc3Cl)C(=O)N4C(=O)c5cccc(c5C4=O)N
ZINC03329891,Validated,Enamine,6.01,5,C[C@H]1Cc2ccccc2N1S(=O)(=O)c3cccc(c3)C(=O)OCc4cc(cc5c4OCOC5)[N+](=O)[O-]
ZINC03331703,Validated,Enamine,4.55,"10,5",Cc1ccccc1N2C(=O)c3ccc(cc3C2=O)C(=O)OCC(=O)c4c(n(c(=O)n(c4=O)C)C)N
ZINC00084666,Validated,ChemBridge,4.34,5,Cc1cc(ccc1NC(=S)NCCc2c[nH]c3c2cccc3)Cl
ZINC03333036,Validated,Enamine‐REAL,3.9,8,c1ccc(cc1)c2csc3c2c(ncn3)N4CCC[C@@H](C4)CO
ZINC03333428,Validated,Enamine,4.99,5,c1cc(ncc1C(=O)OCC(=O)N(C2CCCCC2)C3CCCCC3)Cl
ZINC03339325,Validated,Enamine,2.41,2,CC(=O)N1Cc2ccccc2C[C@H]1C(=O)OCc3ccc(cc3)C#N
ZINC03341032,Validated,Enamine,5.04,5,COc1cc2c3ccccc3oc2cc1NC(=O)COC(=O)c4cc(c(cc4[N+](=O)[O-])OC)OC
ZINC03341151,Validated,Enamine,5.87,5,Cc1ccc(c(c1)S(=O)(=O)N(C)c2ccc(cc2)OC(=O)c3ccc4c(c3)OCO4)C
ZINC03342785,Validated,Enamine,3.64,"6,5",c1cc(ccc1/C=C/C(=O)C(=C2SCS2)C(=O)N)Cl
ZINC03343997,Validated,Enamine,4.15,5,Cc1ccc(c(c1)n2c(nnn2)SCC(=O)Nc3cc(cc(c3)C(=O)N)C(=O)N)OC
ZINC08694104,Validated,Enamine‐REAL,3.9,5,CC(C)/[NH+]=C(\N1CCN(CC1)S(=O)(=O)c2cccc(c2)C(F)(F)F)/[S-]
ZINC08694104,Validated,Enamine‐REAL,3.9,5,CC(C)NC(=S)N1CCN(CC1)S(=O)(=O)c2cccc(c2)C(F)(F)F
ZINC03348666,Validated,Enamine,3.65,5,c1ccc2c(c1)C(=O)N(C2=O)CCOC(=O)[C@@H]3C[C@@H](CN3S(=O)(=O)c4ccc(cc4)Cl)O
ZINC03348865,Validated,Enamine,3.56,2,COC(=O)C(=O)C1=C(NC(=O)N[C@@H]1c2ccc(cc2)Cl)c3ccc(cc3)Cl
ZINC03349177,Validated,Enamine,4.33,5,c1cc(oc1)CN(Cc2cccs2)C(=O)Cn3cnnn3
ZINC03355897,Validated,Enamine,5.31,"10,5",CN(c1ccccc1)S(=O)(=O)c2ccc(cc2)C(=O)N3CCN(CC3)c4ccccc4Cl
ZINC03359154,Validated,Enamine,3.35,5,CCOC(=O)c1c(c(c([nH]1)C)C(=O)OCC(=O)N(C)[C@@H]2CCS(=O)(=O)C2)C
ZINC03359239,Validated,Enamine,4.53,5,CC(=O)c1ccc(cc1)c2ccc(o2)[C@@H]3[C@H](C(=C)NC(=S)N3)C(=O)OC(C)(C)C
ZINC03360361,Validated,Enamine,4.89,"10,5",Cn1c(c(c(=O)n(c1=O)C)C(=O)CSc2nnc(n2c3cccc(c3)C(F)(F)F)c4ccc(cc4)OC)N
ZINC00269602,Validated,ChemBridge,"2.00",5,CC(=O)NCCc1ccc(cc1)S(=O)(=O)N2CCOCC2
ZINC03361997,Validated,Enamine,4.95,5,CCN([C@@H]1CCS(=O)(=O)C1)C(=O)COC(=O)/C(=C/c2ccc(cc2)Cl)/c3ccc(cc3)F
ZINC03369081,Validated,Enamine‐REAL,3.83,"6,5",Cc1ccc(c(c1)C)NC(=O)COC(=O)/C(=C/c2cccs2)/c3cccs3
ZINC03372338,Validated,Enamine,3.37,2,CN(C)S(=O)(=O)c1cccc(c1)Cn2c3cc(ccc3n(c(=O)c2=O)Cc4ccccc4)Cl
ZINC03378626,Validated,Enamine,4.69,"10,5",COC(=O)CCNc1c2c3c(sc2nc(n1)c4cccnc4)CCCC3
ZINC03379013,Validated,Enamine,4.43,"6,5",CCCn1c(nnc1SCc2cc(=O)n3cc(ccc3n2)Br)c4cccc(c4)C
ZINC03380609,Validated,Enamine,4.21,2,C[C@@H](C(=O)OCC(=O)/C=C/1\C(c2ccccc2N1C)(C)C)NC3=NS(=O)(=O)c4c3cccc4
ZINC03391291,Validated,Enamine,4.98,"10,5",CCOc1cc(cc(c1OCC(=O)N)Br)/C=N/n2cnc3c(c2=O)c(c(s3)C)C
ZINC03392958,Validated,Enamine‐REAL,2.17,10,Cn1c(c(c(=O)n(c1=O)C)C(=O)COC(=O)C2CC2)N
ZINC03393286,Validated,Enamine‐REAL,4.09,5,c1ccc2c(c1)cc3ccccc3c2C(=O)OCC(=O)N4CCCC4
ZINC01095206,Validated,ChemBridge,5.65,5,c1cc(cc(c1)N/C=C/C(=O)c2ccc(cc2)Br)C(F)(F)F
ZINC00194740,Validated,ChemDiv,3.67,10,C1(=C(NC(=C(C1c1occc1)C(=O)OC)C)C)C(=O)OCC
ZINC03398050,Validated,Enamine,5.08,2,c1cc(ccc1/C=C/C(=O)OCC(=O)Nc2cc(ccc2N3CCOCC3)C(F)(F)F)F
ZINC03400420,Validated,Enamine,5.39,5,N1(C2=C(N(C)N(C2=O)c2ccccc2)C)C(=C(C(=O)COC(=O)C2=C(c3c(cccc3)O2)COC(C)C)C=C1C)C
ZINC00309276,Validated,ChemBridge,3.28,5,c1ccc2c(c1)OC[C@H](O2)C(=O)Nc3ccc4c(c3)OCO4
ZINC03406061,Validated,Ambinter,4.24,5,COc1ccc(cc1)c2nnc(n2N)SCc3cc(=O)oc4c3c5ccccc5cc4
ZINC03408794,Validated,Enamine,5.21,"10,5",Cn1c(c(c(=O)n(c1=O)C)C(=O)CSc2nc3c(c4c(s3)CCC4)c(=O)n2Cc5ccccc5)N
ZINC01145594,Validated,ChemBridge,4.32,5,CS(=O)(=O)N(CC(=O)Nc1ccccc1C(=O)NCc2ccco2)c3ccc(cc3)Cl
ZINC06909379,Validated,Enamine,3.17,2,CCOC(/C=c(n(CC(N(C)C)=O)c2=O)/[S]/c2=C/c1c(F)cccc1F)=O
ZINC02172513,Validated,ChemBridge,6.01,"7,3",C[C@@]12CC[C@@](C1(C)C)(c3c2nc4ccccc4n3)C(=O)Nc5ccccc5C(F)(F)F
ZINC16043969,Validated,Enamine,4.38,5,Cc1cc(c(n1Cc2ccc3c(c2)OCO3)C)C(=O)CN4C(=O)[C@H]5CC=CC[C@@H]5C4=O
ZINC03424333,Validated,Enamine‐REAL,5.2,"6,5",Cc1cc(c(n1c2cc(on2)C)C)C(=O)COC(=O)/C=C/c3cccc(c3)OC
ZINC03426151,Validated,Enamine,3.81,"10,5",Cc1cccc(c1)n2c(nnc2S[C@@H](C)C(=O)N)c3cccc(c3)S(=O)(=O)N(C)C
ZINC03428301,Validated,Enamine,4.27,5,COc1cc(cc(c1OC)OC)/C=C/C(=O)N[C@H]2CCCc3c2cccc3
ZINC03430391,Validated,Enamine,5.53,5,C[C@H]1CN(/C(=N/c2ccc(cc2)Cl)/S1)C(=O)c3csc4c3CCCC4
ZINC03432297,Validated,Enamine‐REAL,4.2,5,COc1cc2c(cc1OC)CN(CC2)C(=O)c3cccc(c3)S(=O)(=O)N4CCCCC4
ZINC03433862,Validated,Enamine,3.32,2,COc1ccc(cc1)N(CC(=O)N[C@@H]2CCS(=O)(=O)C2)S(=O)(=O)c3ccc(c(c3)Cl)Cl
ZINC00088004,Validated,ChemDiv,4.22,10,CC1=NC(=C([C@H](C1C(=O)OC)c2cccc(c2)Cl)C(=O)OC)C
ZINC03435204,Validated,Enamine,2.12,"7,3",CC(C)[C@H](C(=O)NC(=O)N)Sc1nnc(n1C)C(F)(F)F
ZINC03435356,Validated,Enamine‐REAL,4.09,2,CC(C)N(Cc1nnc(o1)c2ccc(cc2)Cl)C(=O)[C@@H]3COc4ccccc4O3
ZINC00386075,Validated,ChemBridge,4.15,5,COc1ccc(cc1)C(=O)CSc2nnc(o2)c3ccccc3
ZINC03439551,Validated,Enamine,0.82,"10,5",Cc1cc(n2c(n1)nc(n2)SCC(=O)NCCNC(=O)CSc3nc4nc(cc(n4n3)C)C)C
ZINC03439641,Validated,Enamine,4.71,"10,5",Cn1c(=O)c(c(n(c1=O)Cc2ccccc2)N)C(=O)CN3CCSc4c3cccc4
ZINC03442520,Validated,Enamine‐REAL,4.28,5,COc1ccc(cc1[N+](=O)[O-])C(=O)OCC(=O)NC2CCCCCCC2
ZINC03442590,Validated,Enamine,4.43,5,c1c2c(cc3c1c(co3)CC(=O)O[C@H]4CCCCC4=O)CCC2
ZINC03443597,Validated,Enamine,3.52,"6,5",c1ccc2c(c1)C(=NS2(=O)=O)NCCCC(=O)OCc3cc(cc4c3OCOC4)[N+](=O)[O-]
ZINC03445303,Validated,Enamine,4.49,5,CCN(CC)S(=O)(=O)c1ccc2c(c1)n(nn2)OCC(=O)NC(c3ccccc3)c4ccccc4
ZINC03446865,Validated,Enamine‐REAL,2.26,2,CC(=CC(=O)OCC(=O)Nc1ccc(cc1)S(=O)(=O)N(C)C)C
ZINC03451147,Validated,Enamine,3.2,2,Cc1c(cccc1n2cnnn2)NC(=O)CC(c3ccccc3)c4ccccc4
ZINC03452528,Validated,Enamine‐REAL,3.63,8,Cc1c(c(=O)n(n1C)c2ccccc2)NC(=O)COC(=O)c3cccnc3SC
ZINC03454322,Validated,Enamine,3.55,7,Cc1ccc(cc1NC(=O)c2ccco2)C(=O)N3C(=O)c4cccc(c4C3=O)N
ZINC03437972,Validated,Enamine‐REAL,3.78,5,CC(C)NC(=O)COC(=O)c1ccc(cc1)S(=O)(=O)N2CCCCCC2
ZINC03462024,Validated,Enamine,4.37,8,CC(=O)N(c1ccccc1)c2nc(cs2)/C=C/C(=O)Nc3ccc4c(c3)OCO4
ZINC03462074,Validated,Enamine‐REAL,3.57,5,CC(=O)Nc1cccc(c1)C(=O)OCC(=O)c2c(n(c(=O)n(c2=O)C)C)N
ZINC00177764,Validated,ChemBridge,4.04,5,COc1cccc(c1)C(=O)N2CCC[C@@H](C2)c3ccccc3
ZINC03466055,Validated,Enamine,4.49,"7,3",C[C@@H]1CCC[C@H](N1C(=O)CSc2nnc(n2Cc3ccccc3)c4ccco4)C
ZINC03467496,Validated,Enamine,2.18,2,Cc1cc(n2c(n1)nc(n2)S[C@@H](C)C(=O)NCC(=O)Nc3ccc(c(c3F)F)F)C
ZINC03467655,Validated,Enamine,2.27,5,c1cc(oc1)C(=O)N2CCN(CC2)C(=O)Cn3cc(cc(c3=O)Cl)C(F)(F)F
ZINC03468009,Validated,Enamine,3.81,5,COc1cccc(c1)NC(=O)[C@@H](c2ccccc2)OC(=O)C3=COCCO3
ZINC01144444,Validated,ChemBridge,4.83,"7,3",CCOC(=O)c1ccc(cc1)CNC(=O)CSc2nc3c(c(c(s3)C)C)c(=O)n2CC=C
ZINC03477306,Validated,Enamine‐REAL,4.92,"6,5",c1ccc2c(c1)c(=O)n(c(n2)SCC(=O)NC3CCCCC3)c4ccc(cc4)Cl
ZINC03477387,Validated,Enamine,3.41,2,Cc1cccc(c1NC(=O)CNC(=O)C2CCN(CC2)S(=O)(=O)c3cccc(c3Cl)Cl)C
ZINC03483149,Validated,Enamine‐REAL,4.73,5,Cc1c(c([nH]c1C(=O)COC(=O)c2ccccc2NC(=O)c3ccco3)C)C(=O)C
ZINC03493467,Validated,Enamine,4.52,5,C[C@H](C(=O)NCC(=O)Nc1ccc(c(c1F)F)F)Sc2nnnn2c3ccc(cc3)Cl
ZINC03495716,Validated,Enamine‐REAL,4.3,10,Cc1ccc(o1)/C=C/C(=O)N2CCN(CC2)c3ccc(cc3)C(=O)C
ZINC00294824,Validated,ChemBridge,4.4,5,COc1ccc(cc1)C(=O)/C=C/C=C(Cl)Cl
ZINC03505923,Validated,Enamine,3.6,5,CCC(CC)NC(=O)c1ccc(c(c1)S(=O)(=O)N2CCCC2)Cl
ZINC03506974,Validated,Enamine,4.21,"7,3",Cn1c(nnc1SCC(=O)NC2CCCCCC2)c3ccc(cc3)Cl
ZINC03514660,Validated,Enamine‐REAL,4.63,5,C[C@@H](C(=O)NCc1ccc2c(c1)OCO2)Sc3nc4ccccc4c(=O)n3c5ccc(cc5)F
ZINC01080980,Validated,ChemBridge,3.93,5,CCOC(=O)C1=C(NC(=O)C[C@@H]1c2cc(c(cc2Br)OC)OC)C
ZINC03525006,Validated,Enamine‐REAL,4.78,5,Cc1ccc(cc1NC(=O)Cc2coc3c2cc4c(c3)CCC4)C(=O)OC
ZINC03226116,Validated,Enamine,4.34,5,CCN(CC)S(=O)(=O)c1ccc(cc1)/C=C/C(=O)NC2CCCCC2
ZINC01934341,Validated,Enamine,3.18,5,c1ccc(cc1)NC(=O)COC(=O)c2ccccc2F
ZINC03531368,Validated,Enamine‐REAL,4.09,8,CCCCNc1ccccc1C(=O)OCC(=O)N[C@@H]2CCS(=O)(=O)C2
ZINC06506520,Validated,Enamine‐REAL,3.45,"10,5",Cc1cc(c(n1CCOC)C)C(=O)CSc2nnc3n2c4ccccc4[nH]3
ZINC03533062,Validated,Enamine‐REAL,2.57,"6,5",c1ccc(c(c1)C(=O)OCC#N)SCC(=O)N2CCCC2
ZINC00753220,Validated,ChemBridge,3.66,5,COC(=O)c1ccc(c(c1)S(=O)(=O)N2CCCCC2)Br
ZINC03534461,Validated,Enamine‐REAL,2.09,"10,5",CCOc1ccc(cc1OCC)NC(=O)CN(C)C(=O)c2ccc(o2)C
ZINC00718732,Validated,ChemBridge,4.48,"7,3",Cc1ccc(cc1F)NC(=O)CSc2nnc(n2CC=C)c3cccs3
ZINC03536278,Validated,Ambinter,4.85,5,c1ccc(cc1)c2ccccc2NC(=O)CSc3nnc(n3N)c4ccc(cc4)OC(F)F
ZINC03537495,Validated,Enamine‐REAL,4.73,"10,5",C[C@@H](c1ccccc1)NC(=O)CSc2c3cnn(c3ncn2)c4ccccc4
ZINC03538275,Validated,Enamine,4.34,5,CCOC(=O)N1CCN(CC1)C(=O)/C=C/c2ccc(c(c2)Cl)Cl
ZINC03542431,Validated,ChemBridge,3.68,10,C[C@H]1C[C@@H](CN(C1)C(=O)CSc2nnc(n2C)c3ccccc3)C
ZINC03542779,Validated,Enamine‐REAL,3.56,2,COc1cccc(c1)n2c(=O)c3ccccc3nc2SCc4cc(=O)n5ccsc5n4
ZINC03545241,Validated,Enamine,4.35,"7,3",CCc1ccccc1Nc2nc(nc(n2)N)CSc3nnc(n3N)c4ccc(cc4)OC(F)F
ZINC03548479,Validated,ChemBridge,3.64,5,COc1ccc(cc1S(=O)(=O)N2CCOCC2)C(=O)Nc3cccc(c3)F
ZINC03549977,Validated,Enamine,3.62,5,CCCCN1C(=O)c2ccc(cc2C1=O)C(=O)OCC(=O)N[C@H](C)C(C)C
ZINC03552280,Validated,Enamine,4.77,5,CCCCOc1ccc(cc1OC)C(=O)Oc2ccc3c(c2)OCO3
ZINC03554415,Validated,Enamine,4.01,5,Cc1ccc(cc1)CNC(=O)C2CCN(CC2)S(=O)(=O)c3ccc4c(c3)OCCCO4
ZINC03556440,Validated,Enamine‐REAL,3.4,"10,5",CCN(c1ccccc1)C(=O)[C@@H](C)OC(=O)c2cc(c(c(c2)OC)OC)OC
ZINC03409607,Validated,Enamine‐REAL,3.38,"7,3",C[C@H](C(=O)N)Sc1nnc(n1c2ccccc2)c3ccc(cc3)F
ZINC03557230,Validated,Enamine,4.47,5,c1ccc2cc(ccc2c1)OCC(=O)N3CCN(CC3)S(=O)(=O)c4ccc5c(c4)OCCO5
ZINC03560235,Validated,Enamine,3.28,2,Cc1ccc(cc1[N+](=O)[O-])C(=O)NCCc2ccc3c(c2)OCCO3
ZINC00527717,Validated,ChemBridge,4.77,5,C[C@H](C(=O)Nc1ccc(cc1)OC(F)(F)F)Oc2ccccc2
ZINC03562644,Validated,Ambinter,4.64,5,CCOc1ccc(cc1)n2c(=O)c3c4c(sc3nc2SCC(=O)NC5CC5)CCC4
ZINC03105259,Validated,ChemBridge,"2.00",5,COCCCNC(=O)c1ccccc1C(F)(F)F
ZINC03563653,Validated,Enamine‐REAL,4.17,5,c1ccc2c(c1)c(=O)n(c(n2)SCC#N)c3ccc(cc3)OC(F)F
ZINC03564262,Validated,Enamine‐REAL,2.78,5,Cc1c(c(on1)C)C(=O)O[C@@H](C)C(=O)Nc2ccc3c(c2)OCCO3
ZINC03263073,Validated,Enamine,4.45,5,CC(=O)c1ccc(c(c1)COC(=O)c2cc(ccc2Cl)Cl)OC
ZINC03573232,Validated,Enamine‐REAL,4.41,10,Cc1cc(c(c(c1)C)NC(=O)CSc2nnc(n2N)c3ccc(cc3)OC(F)F)C
ZINC00940909,Validated,ChemBridge,3.39,5,COC(=O)c1cccc(c1)NC(=O)CCN2C(=O)c3ccccc3C2=O
ZINC03575851,Validated,Enamine,3.11,"6,5",C[C@H]1CCCC[C@@H]1NC(=O)COc2c3ccccc3ncn2
ZINC03575938,Validated,Enamine,2.48,5,C[C@@H]1CCCC[C@H]1NC(=O)COC(=O)C2=COCCO2
ZINC01049264,Validated,ChemBridge,5.14,5,CN(Cc1ccccc1)S(=O)(=O)c2ccc(cc2)NC(=O)Cc3ccc(cc3)F
ZINC00848943,Validated,Specs,4.26,5,CN(c1ccc(cc1)OC(=O)c2ccccc2)C3=NS(=O)(=O)c4c3cccc4
ZINC03587776,Validated,Enamine‐REAL,3.82,5,Cc1c(c([nH]c1C(=O)COC(=O)c2cc(cc(c2)[N+](=O)[O-])C(=O)OC)C)C(=O)C
ZINC03587920,Validated,Enamine,4.09,"7,3",CC(C)N(C(C)C)C(=O)CSc1nnc(s1)NCc2ccccc2
ZINC03059500,Validated,ChemDiv,4.32,5,c1ccc(cc1)/C=C\2/C(=O)Nc3cc(ccc3S2)C(=O)NC4CC4
ZINC01049570,Validated,ChemBridge,5.48,5,COc1ccc(cc1Cl)S(=O)(=O)N(CC(=O)Nc2cccc(c2)[N+](=O)[O-])C3CCCCC3
ZINC03590540,Validated,Enamine,3.79,"7,3",c1ccc(cc1)CCn2c(nnc2SCC(=O)N3CCOCC3)c4ccccc4F
ZINC00093288,Validated,ChemBridge,5.09,5,CCOC(=O)c1ccc(cc1)NCc2c(c([nH]c2C)C(=O)OCC)C
ZINC00540009,Validated,ChemBridge,4.17,10,c1nc(c2c3c(sc2n1)CCCC3)NC4CCCC4
ZINC03599705,Validated,Ambinter,4.55,10,CCC[C@@H](C)NC(=O)COc1c2c3c(sc2ncn1)C[C@@H](CC3)C
ZINC00780911,Validated,Enamine,4.69,"7,3",c1cc(ccc1NC(=O)CSc2c3c4c(sc3ncn2)CCC4)F
ZINC00691906,Validated,ChemBridge,2.69,"7,3",Cc1cc(ccc1NC(=O)CSc2nnc(s2)N)Br
ZINC03606457,Validated,Enamine,4.77,5,Cc1cc(c(n1c2ccc(cc2)C(=O)OC)C)C(=O)COc3cccc(c3)n4cnnn4
ZINC03614139,Validated,Enamine‐REAL,2.98,2,Cc1ccc(cc1)OCCC(=O)N2CCN(CC2)S(=O)(=O)c3cccs3
ZINC03614715,Validated,Vitas‐M,3.76,2,CN([C@@H](c1ccc(cc1)OC)C(=O)Nc2ccc3c(c2)OCCO3)C(=O)Cc4c[nH]c5c4cccc5
ZINC03615275,Validated,Ambinter,4.48,10,CN(C)S(=O)(=O)c1cccc(c1)C(=O)NCCc2ccc(cc2Cl)Cl
ZINC03620303,Validated,ChemDiv,4.45,"7,3",Cc1cc2ccccc2c(=O)n1CC(=O)NCC(=O)N3CCN(CC3)c4cccc(c4)Cl
ZINC03620479,Validated,Enamine‐REAL,4.22,2,c1cc(cc(c1)S(=O)(=O)N2CCCC2)C(=O)OCc3c(cccc3Cl)F
ZINC00717796,Validated,ChemDiv,4.42,10,Cn1c2c(c(=O)n(c1=O)C)n(c(n2)N3CCCCCC3)CC(=O)c4ccc(cc4)OC
ZINC03621212,Validated,Enamine,4.46,5,COc1cc(ccc1OC(=O)/C=C/c2cccc(c2)F)C#N
ZINC03621394,Validated,ChemDiv,3.66,5,CN1[C@H]([C@@H](c2cc(c(cc2C1=O)OC)OC)C(=O)Nc3ccc(cc3F)F)c4ccc(c(c4)OC)OC
ZINC03624168,Validated,ChemDiv,4.88,10,COc1ccc(cc1OC)NC(=O)c2c(c3c(c(sc3s2)C(=O)Nc4ccc(c(c4)OC)OC)N)N
ZINC03639569,Validated,Vitas‐M,4.45,10,CC1=C([C@H](C2=C(N1)C[C@H](CC2=O)c3cccs3)c4ccc(c(c4)OC)OC)C(=O)OCCOC(C)C
ZINC09553985,Validated,Chemical Block,5.23,"10,5",Cc1ccc2c(c1)c(=O)c(co2)[C@H]3C4=C(C[C@@H](CC4=O)c5cccc(c5)OC)NC(=C3C(=O)OCCOC)C
ZINC03640152,Validated,Vitas‐M,5.24,10,CCSCCOC(=O)C1=C(NC2=C([C@@H]1c3ccc(cc3)C(=O)OC)C(=O)C[C@H](C2)c4cccs4)C
ZINC03646242,Validated,Enamine,4.89,5,CCc1c(c(nc2c1C(=O)CC(C2)(C)C)SCC(=O)N3CCc4cc(c(cc4C3)OC)OC)C#N
ZINC02617458,Validated,Enamine,4.27,5,CN(C)S(=O)(=O)c1ccc(cc1)C(=O)OC2CCCCC2
ZINC06761428,Validated,Vitas‐M,3.64,5,CC(=O)Nc1ccc(cc1)/N=C/c2c(c3ccccc3oc2=O)[O-]
ZINC03661324,Validated,ChemDiv,5.01,5,COc1ccc(cc1)[C@@H]2[C@@H](c3ccccc3C(=O)N2Cc4ccc(cc4)F)C(=O)N5CCCCCC5
ZINC01024189,Validated,Specs,4.75,"6,5",Cc1cccc(c1)NC(=O)C[C@H]2C(=O)N(/C(=N/c3c(cccc3C)C)/S2)C
ZINC00145605,Validated,ChemBridge,4.73,5,CCOc1ccccc1OCC(=O)Nc2ccc3ccccc3c2
ZINC02908623,Validated,ChemDiv,4.33,5,CCOc1ccc(cc1)NC(=O)CSc2nc3ccsc3c(=O)n2c4ccccc4
ZINC03672564,Validated,ChemBridge,3.61,5,c1cc(ccc1C(C#CCO)(c2ccc(cc2)F)O)F
ZINC03672819,Validated,Vitas‐M,5.8,10,CC/N=C\1/N(C(=O)/C(=C/c2cn(c3c2cccc3)CC(=O)Nc4cccc(c4)C)/S1)CC
ZINC03766933,Validated,Specs,3.29,"10,5",c1ccc2c(c1)nc(n2C[C@@H](CO)O)SCCSc3nc4ccccc4n3C[C@@H](CO)O
ZINC00404391,Validated,Vitas‐M,1.87,5,CCOC(=O)c1ccc(cc1)C#N
ZINC00088069,Validated,ChemBridge,5.11,"7,3",C=CCn1c(=O)c2ccccc2nc1SCc3ccccc3
